Code,Longitude,Latitude,Network,Name,Data From,Data To,Operational Currently
M_MFI,-79.96251,-2.14152,M,ESPOL-INAMHI,,,No
M_MFI,-79.03892,-2.89092,M,U CUENCA-INAMHI,,,No
M0001,-78.4052383,0.2569375,M,INGUINCHO,1964,2022,Yes
M0002,-78.37043333,-0.231788889,M,LA TOLA,1980,2022,Yes
M0003,-78.55512778,-0.365925,M,IZOBAMBA,1964,2022,Yes
M0004,-78.59456389,-1.019983333,M,RUMIPAMBA SALCEDO,1976,2022,Yes
M0005,-80.45947319,-1.037590241,M,PORTOVIEJO UTM,1964,2019,No
M0006,-79.49290278,-1.074336111,M,PICHILINGUE,1963,2021,Yes
M0007,-75.40302778,-0.920027778,M,NUEVO ROCAFUERTE,1976,2021,Yes
M0008,-77.95827778,-1.505666667,M,PUYO,1960,2021,Yes
M0009,-78.324722,-0.059861,M,LA VICTORIA INERHI,1984,2018,No
M0010,-78.2825,-0.05972,M,MONTESERRIN,1984,2001,No
M0011,-78.31667,-0.08389,M,URAPAMBA,1984,1987,No
M0012,-80.0818,-3.496824979,M,LA CUCA,1982,2016,Yes
M0013,-79.40277778,-0.663611111,M,BABA DJ TOACHI-DCP,,,No
M0014,-78.96666667,-1.583333333,M,GUARANDA-DCP,,,No
M0015,-76.38333333,-0.133333333,M,TARAPOA-DCP,,,No
M0016,-76.98055556,-2.061111111,M,MONTALVO-DCP,,,No
M0017,-79.75,-1.549166667,M,VINCES EN VINCES-DCP,,,No
M0018,-78.55,-0.366666667,M,IZOBAMBA-DCP,,,No
M0019,-77.5,-2.38333,M,TAISHA,1965,1972,No
M0020,-76.61667,-0.4,M,LIMONCOCHA,1966,1980,No
M0021,-78.227583,0.353694,M,ATUNTAQUI,1963,2018,No
M0022,-78.235,0.05306,M,TABACUNDO H.MOJANDA,1964,1993,No
M0023,-78.0775,0.137777778,M,OLMEDO-PICHINCHA,1975,2018,No
M0024,-78.48773,-0.1783,M,IÑAQUITO,1975,2019,Yes
M0025,-79.38027778,-0.024777778,M,LA CONCORDIA,1964,2022,Yes
M0026,-79.34891667,-0.493,M,PUERTO ILA,1964,2022,Yes
M0027,-79.206206,-0.248611,M,SANTO DOMINGO AEROPUERTO,1964,2020,No
M0028,-78.62333,-1.25,M,AMBATO-GRANJA,1964,1992,No
M0029,-78.409351,-1.395401,M,BAÑOS,1917,2018,No
M0030,-78.992389,-1.641167,M,SAN SIMON,1963,2018,No
M0031,-78.94519444,-2.552208333,M,CAÑAR,1964,2022,Yes
M0032,-79.27194,-3.25114,M,SANTA ISABEL INAMHI,1958,2012,No
M0033,-79.20338611,-4.037538889,M,LOJA - LA ARGELIA,1964,2021,Yes
M0034,-80.37222,-1.20361,M,SANTA ANA INAMHI,1964,1984,No
M0035,-80.48778,-0.83194,M,CHARAPOTO,1972,1984,No
M0036,-79.56361,-1.82806,M,ISABEL MARIA,1964,1986,No
M0037,-79.60038056,-2.118052778,M,MILAGRO (INGENIO VALDEZ),1964,2021,Yes
M0038,-79.37417,-2.37417,M,MANUEL J.CALLE(V.FORESTAL),1966,1994,No
M0039,-79.13333,-2.19556,M,BUCAY,1966,2000,No
M0040,-79.76888889,-3.321944444,M,PASAJE,1958,2017,No
M0041,-77.958762,-1.688226,M,SANGAY(P.SANTA ANA),1964,2019,Yes
M0042,-80.56667,-1.33333,M,JIPIJAPA,1982,1987,No
M0043,-78.49583,-0.64028,M,MARISCAL SUCRE INAMHI,1963,1982,No
M0044,-80.55722,-1.62556,M,PEDRO PABLO GOMEZ,1970,1988,No
M0045,-78.62972222,-2.716111111,M,PALMAS-AZUAY,1974,2018,No
M0046,-78.95,0.18944,M,PACHIJAL MASHPI,1977,1992,No
M0047,-80.73389,-0.93417,M,MANTA INOCAR,1964,1999,No
M0048,-77.91667,-1.6,M,ESPOCH 32,1982,1985,No
M0049,-80.43333,-1.55,M,PAJAN,1982,1987,No
M0050,-78.55,-2.57694,M,ARENALES-COLA DE SAN PABLO,1964,1992,No
M0051,-79.48068,-1.79632,M,BABAHOYO-UTB,1958,2019,No
M0052,-76.93333333,-0.45,M,EL COCA AEROPUERTO,,,No
M0053,-78.1,0.33333,M,IBARRA AEROPUERTO - DAC,1955,1984,No
M0054,-78.502556,-0.215139,M,QUITO-OBSERVATORIO,1982,1984,No
M0055,-78.48713889,-0.141105556,M,QUITO AEROPUERTO- PARQUE BICENTENARIO,1983,2019,Yes
M0056,-79.88333,-2.15333,M,GUAYAQUIL AEROPUERTO,1964,1989,No
M0057,-78.65,-1.65,M,RIOBAMBA AEROPUERTO,1945,1986,No
M0058,-79.62444,0.97917,M,ESMERALDAS-TACHINA,1965,2003,No
M0059,-77.7,0.81667,M,TULCAN AEROPUERTO,1945,1989,No
M0060,-79.37083,-3.99278,M,LA TOMA-CATAMAYO,1958,1985,No
M0061,-76.88333333,0.1,M,LAGO AGRIO AEROPUERTO,,,No
M0062,-78.11806,-2.29444,M,MACAS AEROPUERTO,1979,1979,No
M0063,-78.06667,-1.5,M,PASTAZA AEROPUERTO,1960,1985,No
M0064,-78.61556,-0.91333,M,LATACUNGA AEROPUERTO,1956,1986,No
M0065,-79.93889,-4.37444,M,MACARA AEROPUERTO,1958,1986,No
M0066,-78.56667,-1.2,M,AMBATO AEROPUERTO,1965,1986,No
M0067,-78.98333,-2.88667,M,CUENCA AEROPUERTO,1965,1992,No
M0068,-75.53333,-0.76667,M,TIPUTINI AEROPUERTO,1965,1979,No
M0069,-80.98333,-2.2,M,SALINAS INOCAR,1964,1993,No
M0070,-77.81917,-0.91694,M,TENA - ANTIGUO AEROPUERTO,1964,2000,No
M0071,-90.28333,-0.43333,M,SEYMOUR AEROPUERTO,1965,1979,No
M0072,-79.96111,-3.26389,M,MACHALA AEROPUERTO,1966,1989,No
M0073,-79.68056,-2.26667,M,TAURA AEROPUERTO,1965,1980,No
M0074,-80.68333,-0.95,M,MANTA AEROPUERTO,1964,1989,No
M0075,-79.90083,-2.26694,M,GUAYAQUIL INOCAR,1964,1999,No
M0076,-80.98972,-2.2,M,SALINAS-GUAYAS,1964,1990,No
M0077,-75.86667,0.11667,M,PUTUMAYO AEROPUERTO,1965,1984,No
M0078,-76.83333,-1.5,M,CURARAY AEROPUERTO,1964,1970,No
M0079,-78.1625,-2.48833,M,SUCUA AEROPUERTO,1965,1978,No
M0080,-78.53333333,-3.416666667,M,GUALAQUIZA AEROPUERTO,,,No
M0081,-78.46666667,-3.533333333,M,BOMBOIZA,,,No
M0082,-77.81389,0.73806,M,CHALPATAN,1984,2006,No
M0083,-77.77,0.55056,M,CUASMAL-PIARTAL,1984,1984,No
M0084,-77.87528,0.53556,M,BOLIVAR-CARCHI INERHI,1984,2006,No
M0085,-78.14889,0.46306,M,SALINAS-IMBABURA INERHI,1984,2000,No
M0086,-78.040778,0.494167,M,SAN VICENTE DE PUSIR,1984,2015,No
M0087,-78.57222,-0.77639,M,MULALO,1958,1984,No
M0088,-78.70778,-0.95333,M,PUJILI(4 ESQUINAS),1965,1984,No
M0089,-78.67,-1.29667,M,EL QUINCHE-TUNGURAHUA,1984,1984,No
M0090,-79.35,-1.98333,M,MATA DE CACAO,1984,1984,No
M0091,-79.48333,-2.0,M,SIMON BOLIVAR,1965,1984,No
M0092,-79.48667,-2.09833,M,MARISCAL SUCRE INERHI,1984,1984,No
M0093,-79.31666667,-2.066666667,M,INES MARIA,,,No
M0094,-78.65139,-1.675,M,LA GRANJA-RIOBAMBA,1984,1984,No
M0095,-78.575,-1.65833,M,QUIMIAG,1984,1984,No
M0096,-78.61667,-1.63333,M,SAN GERARDO-CHIMBORAZO,1973,1984,No
M0097,-78.48333,-1.56667,M,BAYUSHIG,1984,1984,No
M0098,-77.96028,0.105,M,SAN MARCOS,1984,1984,No
M0099,-77.97694,0.43194,M,CARPUELA,1984,1984,No
M0100,-78.2,0.475,M,TUMBABIRO INERHI,,,No
M0101,-77.61166667,0.684166667,M,EL CARMELO,1964,2018,No
M0102,-77.944965,0.618999,M,EL ANGEL,1951,2018,Yes
M0103,-77.821955,0.599815,M,SAN GABRIEL,1938,2022,Yes
M0104,-78.0275,0.553055556,M,MIRA-FAO GRANJA LA PORTADA,1969,2018,No
M0105,-78.250059,0.243424,M,OTAVALO,1946,2018,Yes
M0106,-78.44972,0.86806,M,LITA,1963,2012,No
M0107,-78.210806,0.511528,M,CAHUASQUI-FAO,1979,2017,No
M0108,-78.3,0.383333333,M,PERIBUELA,,,No
M0109,-78.25,0.216666667,M,ESPEJO,,,No
M0110,-78.19444,0.21444,M,SAN PABLO DEL LAGO,1962,1992,No
M0111,-78.354017,0.027,M,MALCHINGUI INAMHI,1964,2006,No
M0112,-78.46889,-0.26722,M,CONOCOTO,1964,1994,No
M0113,-78.52527778,-0.388333333,M,UYUMBICHO,1964,2018,No
M0114,-78.41389,-0.23333,M,TUMBACO,1964,2012,No
M0115,-78.43694,-0.01028,M,SAN ANTONIO DE PICHINCHA,1972,1997,No
M0116,-78.758056,-0.230139,M,CHIRIBOGA,1964,2018,No
M0117,-78.540556,-0.524167,M,MACHACHI,1964,1998,No
M0118,-78.5,-0.35,M,INIAP-SUPLEMENTARIA PORCINOS,1979,2000,No
M0119,-79.19916667,0.119444444,M,PUERTO QUITO-LA CEIBA,,,No
M0120,-78.58123,-0.62317,M,COTOPAXI-CLIRSEN,1964,2017,No
M0121,-78.43795,-0.66354,M,EL REFUGIO-COTOPAXI,1973,2000,Yes
M0122,-78.99441111,-0.947297222,M,PILALO,1964,2018,No
M0123,-79.08194444,-1.135077778,M,EL CORAZON,1964,2019,No
M0124,-79.25366667,-0.909027771,M,SAN JUAN LA MANA,1964,2022,Yes
M0125,-78.68778,-1.04889,M,PUJILI-H.S.ANTONIO DE S.ALEGRE,1964,1987,No
M0126,-78.509222,-1.308639,M,PATATE,1948,2016,No
M0127,-78.554956,-1.172414,M,PILLARO,1964,2018,No
M0128,-78.612733,-1.35615,M,PEDRO FERMIN CEVALLOS(COLEGIO),1978,2016,No
M0129,-79.25584167,-1.630497213,M,CALUMA,1964,2015,No
M0130,-79.06682222,-1.980111111,M,CHILLANES,1963,2018,No
M0131,-79.068944,-1.823194,M,SAN PABLO DE ATENAS,1969,2014,No
M0132,-79.16667,-1.77111,M,BALZAPAMBA,1964,1998,No
M0133,-78.64785278,-1.734016667,M,GUASLAN,1963,2019,No
M0134,-78.71667,-1.93333,M,GUAMOTE,1963,2006,No
M0135,-78.78167,-2.195,M,PACHAMAMA-TIXAN,1964,2005,No
M0136,-78.925422,-2.278032,M,CHUNCHI,1964,2016,No
M0137,-78.89365833,-2.710344444,M,BIBLIAN,1976,2018,No
M0138,-78.76277778,-2.8,M,PAUTE,1964,2016,No
M0139,-78.780575,-2.898138889,M,GUALACEO,1964,2019,No
M0140,-78.87472,-2.87028,M,UCUBAMBA,1969,2005,No
M0141,-79.07305556,-2.732777778,M,EL LABRADO,1964,2021,Yes
M0142,-79.23212778,-3.612113889,M,SARAGURO,1959,2016,No
M0143,-79.273342,-4.215769,M,MALACATOS,1963,2018,No
M0144,-79.21861667,-4.261222195,M,VILCABAMBA,1968,2000,No
M0145,-79.242517,-4.313117,M,QUINARA INAMHI,1981,2018,No
M0146,-79.55433333,-4.333388889,M,CARIAMANGA,1950,2019,Yes
M0147,-79.17544,-4.36775,M,YANGANA,1963,2018,No
M0148,-79.95099444,-4.104427778,M,CELICA,1963,2018,No
M0149,-79.419622,-4.229569,M,GONZANAMA,1963,2018,No
M0150,-79.43027778,-4.584686088,M,AMALUZA 1,1975,2018,Yes
M0151,-80.232453,-4.3037,M,ZAPOTILLO,1963,2020,No
M0152,-79.76611,-4.04194,M,ZAPOTEPAMBA,1982,1987,No
M0153,-80.02084,0.60958,M,MUISNE,1964,2018,No
M0154,-78.950775,0.862242,M,CAYAPAS,1964,2019,No
M0155,-79.41667,-1.26667,M,CALABI CEDEGE,1984,1995,No
M0156,-79.468824,0.316144,M,QUININDE,1964,2019,Yes
M0157,-79.6,-2.46667,M,CHURUTE,1984,1984,No
M0158,-79.6175,0.88611,M,MUTILE-U.ESMERALDAS,1973,1982,No
M0159,-80.46806,-1.40194,M,LA NARANJA,1964,1983,No
M0160,-79.42694444,-0.259722222,M,EL CARMEN,1977,2019,Yes
M0161,-79.90694,-0.40222,M,FLAVIO ALFARO,1964,1991,No
M0162,-80.036512,-0.6308,M,CHONE-U.CATOLICA,1964,2018,Yes
M0163,-80.1782,-0.570711,M,BOYACA,1964,2018,No
M0164,-80.16111,-0.84444,M,CALCETA,1964,1985,No
M0165,-80.446786,-0.926744,M,ROCAFUERTE,1964,2016,No
M0166,-80.20695278,-1.394711103,M,OLMEDO,1964,2016,No
M0167,-80.26472,-0.19694,M,JAMA,1964,2014,No
M0168,-80.05022222,0.063805586,M,PEDERNALES,1967,1996,Yes
M0169,-80.626189,-1.474547,M,JULCUY,1970,2018,No
M0170,-80.77556,-1.51833,M,PUERTO LOPEZ,1977,1998,No
M0171,-80.40117778,-1.592838889,M,CAMPOSANO #2,1977,2018,No
M0172,-79.52878,-1.52125,M,PUEBLO VIEJO,1976,2015,No
M0173,-80.357642,-2.501383,M,PLAYAS-GRAL.VILLAMIL,1963,2013,No
M0174,-80.84833,-2.32444,M,ANCON,1964,2005,No
M0175,-80.36666667,-2.4,M,EL PROGRESO-GUAYAS,1982,2009,No
M0176,-79.617608,-2.661583,M,NARANJAL,1964,2017,No
M0177,-79.64305556,-2.254444444,M,BOLICHE,,,No
M0178,-79.983333,-1.983333,M,LA TOMA EMAP-GUAYAS,1970,1989,No
M0179,-80.05389,-3.54083,M,ARENILLAS,1964,2011,No
M0180,-79.61155556,-3.697544444,M,ZARUMA,1963,2018,No
M0181,-79.90889,-3.78278,M,MARCABELI,1963,1986,No
M0182,-80.18861,-3.62056,M,CARCABON,1963,1982,No
M0183,-79.92944,-3.45611,M,SANTA ROSA-EL ORO,1960,1994,No
M0184,-79.75694,-3.07944,M,PAGUA,1973,1999,No
M0185,-79.78333333,-3.1,M,MACHALA-UTM -  PAGUA,1947,2018,No
M0186,-76.98806,-0.46528,M,EL COCA INAMHI,1966,1985,No
M0187,0.0,0.0,M,YARUQUI-ESTACION MECANICA,,,No
M0188,-78.1414,-0.380616661,M,PAPALLACTA,1963,2018,Yes
M0189,-78.578164,-3.40158,M,GUALAQUIZA,1977,2018,No
M0190,-78.742308,-3.774442,M,YANZATZA,1976,2016,No
M0191,-90.302194,-0.743833,M,CHARLES DARWIN INAMHI,1964,2021,Yes
M0192,-90.328111,-0.692417,M,BELLAVISTA-ISLA S.CRUZ,1964,2020,Yes
M0193,-89.56667,-0.9,M,EL PROGRESO-SOCAVON,1964,1996,No
M0194,-90.95675,-0.96111,M,PUERTO VILLAMIL-ISLA ISABELA,1964,2004,No
M0195,-80.0,-3.25667,M,PUERTO BOLIVAR,1952,1999,No
M0196,-79.32889,-3.33194,M,MINAS DE HUASCACHACA,1964,1991,No
M0197,-78.93497222,-2.809388889,M,JACARIN (SOLANO),1973,2018,No
M0198,-78.91667,-0.37028,M,PALO QUEMADO,1971,1993,No
M0199,-79.00667,-2.58667,M,PATOCOCHA,1984,1991,No
M0200,-76.92583,-0.07611,M,SANTA CECILIA,1973,1991,No
M0201,-77.66667,-0.33333,M,EL CHACO INECEL,1976,1993,No
M0202,-77.91722,-1.10056,M,JATUNYACU,1982,1989,No
M0203,-77.52931666,-0.045769443,M,REVENTADOR,1973,2016,Yes
M0204,-78.47556,-3.13778,M,SAN MIGUEL DE CONCHAY,1982,1993,No
M0205,-77.57611,0.08694,M,SAN RAFAEL-NAPO,1975,2000,No
M0206,-78.39861,-2.56667,M,GUARUMALES(PATIO DE MANIOBRAS),1974,1996,No
M0207,-78.95,-4.09361,M,ZAMORA,1964,1993,No
M0208,-77.65,-0.2,M,RIO SALADO-INECEL,1977,1993,No
M0209,-78.99056,-0.31806,M,ALLURIQUIN INECEL,1976,1993,No
M0210,-78.40167,0.00056,M,VINDOBONA,1964,1993,No
M0211,-78.53333,0.11667,M,LA VIÑA DE CHESPI,1978,1990,No
M0212,-78.73556,-0.04778,M,MINDO INECEL,1976,1992,No
M0213,-78.66944,0.19278,M,LA PERLA,1976,1992,No
M0214,-78.42194,0.11222,M,PERUCHO INECEL,1975,1993,No
M0215,-77.86583,-0.62611,M,BAEZA,1973,1993,No
M0216,-78.89,0.01667,M,SAN MIGUEL DE LOS BANCOS,1975,1992,No
M0217,-78.56830556,-2.577777778,M,PEÑAS COLORADAS,1974,2016,No
M0218,-79.30138889,-2.256666667,M,INGENIO SAN CARLOS (BATEY),1966,2014,No
M0219,-78.41667,-1.03556,M,PISAYAMBO-TALATAG,1968,1989,No
M0220,-78.36667,-1.35,M,AGOYAN EN LA PRESA,1982,1993,No
M0221,-89.61430833,-0.904058333,M,SAN CRISTOBAL-GALAPAGOS,1958,2018,Yes
M0222,-78.61583,-2.6125,M,INGAPATA,1982,1989,No
M0223,-80.57917,-2.20361,M,EL AZUCAR,1966,2008,No
M0224,-78.84167,1.26833,M,SAN LORENZO,1953,1999,No
M0225,-78.97972,1.08111,M,BORBON,1965,2000,No
M0226,-78.998333,-1.614444,M,LAGUACOTO - GUARANDA,,,No
M0227,-79.9,-1.36083,M,BALZAR,1964,1981,No
M0228,-79.90139,-2.73417,M,PUNA,1972,2013,No
M0229,-80.05,-2.233333333,M,CHONGON-EST.MECANICA DAC,,,No
M0230,-79.4825,-2.36444,M,BOCATOMA-CULEBRAS,1965,1984,No
M0231,-79.28583,-2.44528,M,LA PUNTILLA-PANCHO NEGRO,1966,1984,No
M0232,-80.082928,-3.882569,M,PUENTE PUYANGO,1981,2016,No
M0233,-79.58333,-2.38333,M,PARRAQUETE GRANDE,1984,1984,No
M0234,-79.08527778,-2.419444444,M,CHONTAMARCA,,,No
M0235,-79.05194444,-3.334722222,M,NABON INERHI,,,No
M0236,-79.65,-3.71667,M,EL TABLON,1984,1984,No
M0237,-79.95,-4.38333,M,MACARA INERHI,1984,1984,No
M0238,-80.00194444,-3.627777778,M,TAHUIN-REPRESA,1980,1991,No
M0239,-79.643064,-3.751103,M,EL SALADO-PREDESUR,1983,2018,No
M0240,-79.55556,-4.05,M,LAS COCHAS,1981,1986,No
M0241,-79.40272222,-4.293399979,M,QUILANGA,1971,2018,No
M0242,-78.94778,-2.43639,M,CARSHAO,1984,1991,No
M0243,-78.56667,-1.58333,M,PUNGALES,1984,2001,No
M0244,-78.77222,-1.29583,M,TAMBOLOMA,1984,1990,No
M0245,-80.65305556,-1.912777778,M,EL SUSPIRO,1984,2018,No
M0246,-80.10083333,-2.234722222,M,CHONGON,1986,2008,No
M0247,-79.64305556,-0.909444444,M,MURUCUMBA,1989,2018,No
M0248,-79.64056,-0.47611,M,DOS HERMANAS,1984,2008,No
M0249,-80.19167,-1.73333,M,VALLE DE LA VIRGEN,1986,2008,No
M0250,-79.97778,-1.7,M,LA CAPILLA CEDEGE,1981,2008,No
M0251,-79.27056,-0.46472,M,EL BOLO,1986,1989,No
M0252,-79.11833,-0.7,M,PUCAYACU,1984,1995,No
M0253,-79.28556,-1.97417,M,MONSERRATE,1987,1992,No
M0254,0.0,0.0,M,PUENTE NEGRO,,,No
M0255,-79.725,-1.95,M,SAMBORONDON,1984,1988,No
M0256,-79.45638889,-1.819722222,M,CHILINTOMO,,,No
M0257,-79.97972,-1.82861,M,DAULE(COL.AGRONOMICO),1964,1988,No
M0258,-78.60553889,-1.3671,M,QUEROCHACA,1979,2022,Yes
M0259,-80.1425,-1.87889,M,ISIDRO AYORA,1964,1978,No
M0260,-78.34139,-0.225,M,PIFO,2004,2008,No
M0261,-79.39306,-1.71417,M,CLEMENTINA HDA.,1962,1993,No
M0262,-80.01639,-1.55056,M,COLIMES DE BALZAR CEDEGE,1986,2017,No
M0263,-79.39417,-2.10806,M,SAN ANTONIO-BENEFICIO CACAO,1970,1974,No
M0264,-78.32027778,-0.154166667,M,YARUQUI INERHI,,,No
M0265,-78.39,-0.19583,M,SANTA ROSA-TUMBACO,2008,2008,No
M0266,-78.10833,-2.30833,M,MACAS INAMHI,1973,1977,No
M0267,-78.345,0.086388889,M,MALCHINGUI INERHI,,,No
M0268,-78.59972222,-1.057222222,M,LA FRICIA,,,No
M0269,-79.63528,0.98528,M,ESMERALDAS INOCAR(LAS PALMAS),1964,1999,No
M0270,-80.5,-0.78333,M,SAN JACINTO,1985,1990,No
M0271,-79.625,-1.66667,M,ISLA DE BEJUCAL,1987,1995,No
M0272,-79.56444,-0.27778,M,LA LETRA-BRAMADORA,2003,2006,No
M0273,-79.08333333,-2.871111111,M,MACHANGARA,,,No
M0274,-80.47055556,-1.0375,M,PORTOVIEJO AEROPUERTO,,,No
M0275,-80.73166667,-2.055,M,PROYECTO MONTE VERDE,,,No
M0276,-79.48333,-0.83333,M,PILARCITA,1987,1994,No
M0277,-79.45,-0.7,M,PITITA,1987,1995,No
M0278,-79.44,-3.304722222,M,SANTA ISABEL INERHI,,,No
M0279,-76.38333,-0.13333,M,TARAPOA AEROPUERTO,1974,1978,No
M0280,-79.74167,-1.55528,M,VINCES CEDEGE,1984,1989,No
M0281,-79.48,-1.48944,M,VENTANAS CEDEGE,1987,1991,No
M0282,-78.34333,0.25583,M,TANGALI,1985,1987,No
M0283,-79.35167,-0.79861,M,INMORIEC-EL VERGEL,1985,2011,No
M0284,-79.66666667,-2.083333333,M,YAGUACHI,,,No
M0285,-78.38333333,0.066666667,M,PUELLARO,,,No
M0286,-78.71667,-1.16667,M,HDA.EL CONDE-CUNCHIBAMBA,1992,1992,No
M0287,-78.53333333,-0.383333333,M,PINTAG,,,No
M0288,-78.66666667,-1.266666667,M,SANTA ROSA-TUNGURAHUA,,,No
M0289,-78.71666667,-1.2,M,PASA,,,No
M0290,-80.53333333,-1.2,M,SANTA ANA CRM,,,No
M0291,-78.59306,-0.45833,M,CEEA-AYCHAPICHO,1986,1991,No
M0292,-79.91534612,-3.291230351,M,MACHALA GRANJA STA. INES,1985,2018,No
M0293,-77.06833,-0.30611,M,PALMORIENTE-HUASHITO (PALMAR DEL RIO),1985,2013,No
M0294,-80.47472222,-2.368611111,M,RIO TINTO(CUENCA EXP.),,,No
M0295,-80.49333,-1.63361,M,BANCHAL(CUENCA EXP.),1987,1999,No
M0296,-80.21667,-0.81667,M,ESTANCILLA,1984,1998,No
M0297,-80.28333,-0.66667,M,SIMBOCAL,1986,1990,No
M0298,-80.38333,-1.16667,M,LODANA,1984,1997,No
M0299,-78.52333,-0.16389,M,HCJB ANTENAS - EPMAPS QUITO,1992,1992,No
M0300,-77.9,-1.85,M,ARAPICOS,,,No
M0301,-78.135358,0.607303,M,FF CC CARCHI,1964,2018,No
M0302,-78.04139,0.55278,M,MIRA,1964,1992,No
M0303,-77.90361,0.50528,M,BOLIVAR-CARCHI INAMHI,1964,1998,No
M0304,-77.91139,0.41417,M,MONTE OLIVO,1964,1995,No
M0305,-77.72075,0.652972,M,JULIO ANDRADE,1964,2018,No
M0306,-77.91472,0.64861,M,SAN JOSE LA ESPERANZA-CARCHI,1966,1984,No
M0307,-77.83639,0.5,M,GRUTA LA PAZ,1967,2002,No
M0308,-77.85547222,0.800305556,M,TUFIÑO,1975,2018,No
M0309,-78.25639,0.75167,M,SAN JUAN DE LACHAS-RIO BLANCO,1975,1995,No
M0310,-77.982361,0.296306,M,MARIANO ACOSTA,1963,2017,No
M0311,-78.21111,0.51806,M,CAHUASQUI,1963,1985,No
M0312,-78.195,0.498917,M,PABLO ARENAS,1963,2018,No
M0313,-78.18861,0.48472,M,COPIHUE,1963,1991,No
M0314,-78.010472,0.424472,M,AMBUQUI,1963,2020,No
M0315,-77.941194,0.389611,M,PIMAMPIRO,1963,2017,No
M0316,-78.08333,0.20528,M,ZULETA,1963,1995,No
M0317,-78.268694,0.305,M,COTACACHI-HDA.ESTHERCITA,1963,2018,No
M0318,-78.513639,0.354972,M,APUELA-INTAG,1964,2018,No
M0319,-78.24,0.2,M,SAN RAFAEL DEL LAGO,1965,2010,No
M0320,-78.17889,0.18722,M,HDA.LA VEGA,1965,1986,No
M0321,-78.16625,0.211417,M,TOPO-IMBABURA(ANGLA),1965,2019,No
M0322,-78.38944,0.2725,M,CAMBUGAN,1965,2002,No
M0323,-78.37583,0.28944,M,ACHUPALLAS-IMBABURA,1965,1997,No
M0324,-77.913444,0.294778,M,SAN FRANCISCO DE SIGSIPAMBA,1966,2018,No
M0325,-78.627139,0.234806,M,GARCIA MORENO,1975,2017,No
M0326,-78.576806,0.246333,M,SELVA ALEGRE-IMBABURA,1977,2018,No
M0327,-78.75,0.237389,M,CHONTAL BAJO(GUAYLL.DJ ALAMBI),1967,2018,No
M0328,-78.26975,0.348194,M,HDA.LA MARIA-ANEXAS(LETICIA),1971,2016,No
M0329,-78.40139,0.2575,M,INGUINCHO GRANDE,1965,1995,No
M0330,-78.40444,0.2575,M,INGUINCHO # 1,1975,1988,No
M0331,-78.4075,0.25944,M,INGUINCHO # 5,1976,1987,No
M0332,-78.40389,0.26167,M,INGUINCHO # 7,1975,1985,No
M0333,-78.41,0.26389,M,INGUINCHO # 8,1975,1985,No
M0334,-78.40972,0.265,M,INGUINCHO # 9,1976,1987,No
M0335,-78.527653,-0.204028,M,LA CHORRERA,1977,2016,No
M0336,-78.76361,0.14639,M,PACTO,1964,1993,No
M0337,-78.39305556,0.168888889,M,SAN JOSE DE MINAS,1964,2018,No
M0338,-78.42139,0.11417,M,PERUCHO INAMHI,1964,1988,No
M0339,-78.681581,0.063747,M,NANEGALITO,1964,2018,No
M0340,-78.77222,-0.05028,M,MINDO INAMHI,1964,1988,No
M0341,-78.34306,-0.05694,M,GUAYLLABAMBA,1964,1999,No
M0342,-78.49472,-0.09722,M,COTOCOLLAO,1964,1986,No
M0343,-78.298075,-0.108667,M,EL QUINCHE-PICHINCHA,1965,2015,No
M0344,-78.168889,-0.048778,M,CANGAHUA,1964,2018,No
M0345,-78.4275,-0.095333,M,CALDERON,1964,2018,No
M0346,-78.316028,-0.162194,M,YARUQUI INAMHI,1964,2018,No
M0347,-78.35583,-0.17611,M,PUEMBO,1964,1996,No
M0348,-79.249917,-0.24275,M,SANTA ANITA-KM.10 VIA CHONE,1964,2018,No
M0349,-78.35556,-0.425,M,HDA.PINANTURA(LA COCHA),1964,1999,No
M0350,-78.65333,-0.47639,M,HDA.LA GRANJA-ALOAG,1964,1994,No
M0351,-79.40306,-0.2575,M,LAS DELICIAS-PICHINCHA,1964,2010,No
M0352,-78.43333,-0.33333,M,SANGOLQUI,1982,2011,No
M0353,-78.418558,-0.431078,M,RUMIPAMBA-PICHINCHA,1964,2017,No
M0354,-78.624336,-0.291761,M,SAN JUAN-PICHINCHA(CHILLOG.),1965,2016,No
M0355,-78.9325,-0.30972,M,PILATON AJ TOACHI,1967,1985,No
M0356,-78.51917,-0.16667,M,CANAL 4 TV.,1975,1986,No
M0357,-78.523889,-0.167611,M,CANAL 10 TV.,1976,2019,No
M0358,-78.512867,0.001658,M,CALACALI INAMHI,1976,2018,No
M0359,-78.15,0.04075,M,CAYAMBE,1975,2018,No
M0360,-78.94472,-0.34444,M,CHITOA-TANDAPI,1964,1984,No
M0361,-78.564119,-0.038658,M,NONO,1975,2019,No
M0362,-78.965,-0.425555556,M,LAS PAMPAS,1965,2017,No
M0363,-78.884872,-0.696528,M,SIGCHOS,1964,2019,No
M0364,-78.444167,-0.525278,M,LORETO PEDREGAL,1964,2018,No
M0365,-78.64028,-0.82056,M,GUAYTACAMA,1963,2001,No
M0366,-78.92833,-1.11389,M,ANGAMARCA,1964,1984,No
M0367,-79.02722222,-1.142777778,M,PINLLOPATA,1965,2018,No
M0368,-79.22333333,-1.176111111,M,MORASPUNGO-COTOPAXI,1964,2017,No
M0369,-78.70277778,-1.071388889,M,CUSUBAMBA,1963,2018,No
M0370,-79.08611111,-1.116388889,M,RAMON CAMPAÑA,1967,2021,Yes
M0371,-78.627478,-0.721917,M,PASTOCALLE,1963,2018,No
M0372,-78.66667,-0.88333,M,POALO,1976,2015,No
M0373,-78.68333,-0.75,M,TOACAZO,1969,2002,No
M0374,-79.247361,-0.8745,M,SAN ANTONIO DEL DELTA(PATE),1965,2019,No
M0375,-78.6635,-0.834711,M,SAQUISILI,1979,2018,No
M0376,-78.732139,-1.301806,M,PILAHUIN,1964,2019,No
M0377,-78.668833,-1.347833,M,TISALEO,1964,2019,No
M0378,-78.298917,-1.403472,M,RIO VERDE,1964,2018,No
M0379,-78.19111,-1.40361,M,EL TOPO-TUNGURAHUA,1964,1992,No
M0380,-78.530972,-1.390389,M,HUAMBALO,1964,2018,No
M0381,-78.55694,-1.33028,M,PELILEO-TNQ.DE AGUA POTABLE,1975,1988,No
M0382,-78.60694,-1.37528,M,QUERO,1975,1990,No
M0383,-79.278628,-1.431708,M,ECHEANDIA,1968,2018,No
M0384,-79.23639,-1.94333,M,SAN JOSE DEL TAMBO,1968,1980,No
M0385,-79.020833,-1.405194,M,SALINAS-BOLIVAR,1969,2017,No
M0386,-79.06722,-1.66361,M,COCHABAMBA(MAGDALENA),1971,1999,No
M0387,-79.05,-1.2,M,FACUNDO VELA,1976,1981,No
M0388,-79.131611,-1.580111,M,RIO SAN ANTONIO-MONJAS,1965,2016,No
M0389,-78.95722,-1.28611,M,SIMIATUG,1964,1986,No
M0390,-78.7288,-1.500105556,M,URBINA,1963,2018,No
M0391,-78.972242,-2.000214,M,PALLATANGA,1966,2015,No
M0392,-78.9875,-2.297777778,M,HUIGRA,1966,2015,No
M0393,-78.782692,-1.632275,M,SAN JUAN-CHIMBORAZO,1963,2019,No
M0394,-78.76306,-1.68472,M,CAJABAMBA,1964,2001,No
M0395,-78.640833,-1.912139,M,CEBADAS,1964,2017,No
M0396,-78.50156,-1.87663,M,ALAO,1964,2019,No
M0397,-78.936742,-2.342869,M,COMPUD,1964,2016,No
M0398,-78.73889,-2.05722,M,PALMIRA INAMHI,1963,1992,No
M0399,-78.768244,-2.282686,M,ACHUPALLAS-CHIMBORAZO,1964,2018,No
M0400,-78.52833,-1.56083,M,PENIPE,1964,1985,No
M0401,-78.59722,-2.24389,M,RIO OZOGOCHE(LAGOS),1967,1983,No
M0402,-78.980389,-1.941972,M,CHIMBO DJ PANGOR,1967,2018,No
M0403,-78.8435,-2.201333,M,ALAUSI,1964,2018,No
M0404,-78.995972,-1.807242,M,CAÑI-LIMBE,1969,2020,No
M0405,-78.81388889,-2.231111111,M,GUASUNTOS,1972,2016,No
M0406,-78.60139,-1.71167,M,CHAMBO-FINCA GUADALUPE,1975,1990,No
M0407,-78.605056,-1.807944,M,LICTO,1975,2018,No
M0408,-78.63527778,-1.609166667,M,GUANO,1979,2018,No
M0409,-78.8825,-1.827777778,M,PANGOR-J.DE VELASCO(H.TEPEYAC),1969,2018,No
M0410,-78.653778,-2.577306,M,RIO MAZAR-RIVERA,1964,2019,No
M0411,-78.893278,-2.536528,M,INGAPIRCA,1964,2019,No
M0412,-79.0478732,-2.4385984,M,SUSCALPAMBA(CAPILLA DOLOROSA),1964,2019,No
M0413,-79.29833,-2.45472,M,COCHANCAY,1966,1985,No
M0414,-78.77361111,-2.675,M,CHANIN,1964,2017,No
M0415,-78.96472,-2.39361,M,ANGAS LA UNION,1976,2015,No
M0416,-78.66694,-2.78417,M,EL PAN,1963,1999,No
M0417,-79.17222222,-2.774444444,M,PISCICOLA CHIRIMICHAY,1975,2015,No
M0418,-79.01277778,-3.082777778,M,CUMBE,1963,2018,No
M0419,-79.14888889,-3.163333333,M,GIRON,1964,2019,No
M0420,-79.06666667,-3.339166667,M,NABON INAMHI,1963,2017,No
M0421,-79.161389,-3.460878,M,ONNA,1963,2007,No
M0422,-79.25722222,-2.804166667,M,HDA.STA.LUCIA-CAMINO RIRCAY,1967,2018,No
M0423,-79.185,-3.39861,M,SUSUDEL-CASERIO(L.PTE.CARR),1968,1999,No
M0424,-78.78611111,-3.048333333,M,SIGSIG INAMHI,1968,2019,No
M0425,-79.48028,-3.31417,M,TENDALES-JUBONES DJ SAN FCO.,1970,2011,No
M0426,-78.94861111,-2.850833333,M,RICAURTE-CUENCA,1964,2019,No
M0427,-79.07016667,-2.876805534,M,SAYAUSI (MATADERO DJ),1967,2018,No
M0428,-79.35861,-3.10722,M,PEDERNALES-AZUAY,1969,1985,No
M0429,-79.13166667,-2.826111111,M,SURUCUCHO(LLULLUCHIS),1964,2018,No
M0430,-79.20278,-2.78,M,QUINOAS,1975,1987,No
M0431,-78.65722,-2.80417,M,SEVILLA DE ORO,1982,2018,No
M0432,-79.26138889,-3.731944444,M,SAN LUCAS INAMHI,1960,2017,No
M0433,-79.47166667,-4.399722222,M,EL LUCERO INAMHI,1971,2018,No
M0434,-79.78888889,-4.324722222,M,SOZORANGA INAMHI,1971,2016,No
M0435,-80.02545,-4.021464,M,ALAMOR,1963,2018,No
M0436,-78.02638889,-0.416111109,M,CUYUJA,1982,2018,No
M0437,-80.19861111,-4.280833333,M,SAUCILLO(ALAMOR EN),1968,2018,No
M0438,-79.465,-4.628055556,M,JIMBURA,1975,2019,No
M0439,-79.81027778,-4.361111111,M,SABIANGO INAMHI,1964,2018,No
M0440,-78.85417,1.36,M,CHANGUARAL(ISLA SAN PEDRO),1964,1984,No
M0441,-79.630422,0.890553,M,SAGUE(SAN MATEO),1964,2017,No
M0442,-78.76889,1.13722,M,NAJURUNGO CARONDELET,1965,1989,No
M0443,-79.56667,0.96667,M,CAMARONES TACUZA,1983,2005,No
M0444,-79.702287,0.81909,M,TEAONE-TABIAZO,1964,2018,Yes
M0445,-80.68889,-1.03917,M,LOS CERROS-MONTECRISTI,1964,1985,No
M0446,-80.183419,-0.376086,M,SAN ISIDRO-MANABI,1964,2014,No
M0447,-80.41833333,-1.278777778,M,24 DE MAYO(JABONCILLO),1965,2018,No
M0448,-80.62416667,-1.152777778,M,LA LAGUNA,1964,2018,No
M0449,-80.58667,-1.25806,M,SANCAN-INAMHI,1964,2012,No
M0450,-80.77722222,-1.129444444,M,CAMARONES-MANABI,1964,2018,No
M0451,-80.53861111,-1.479444444,M,EL ANEGADO,1964,2019,No
M0452,-80.047472,-0.929139,M,ZAPOTE,1964,2014,No
M0453,-80.68888889,-1.054166667,M,CHORRILLOS,1965,2018,No
M0454,-80.288944,-1.046,M,RIO CHICO EN ALAJUELA,1967,2018,No
M0455,-80.59444444,-1.3625,M,JOA-JIPIJAPA,1970,2018,No
M0456,-80.25444,-0.27556,M,JAMA AJ MARIANO,1964,2002,No
M0457,-80.737456,-1.352739,M,PUERTO CAYO,1970,2018,No
M0458,-80.50583333,-1.578333333,M,COLIMES DE PAJAN,1970,2018,No
M0459,-80.59166667,-1.578888889,M,SAN PABLO-MANABI,1964,2019,No
M0460,-80.18972,-1.06944,M,MANCHA GRANDE,1968,1998,No
M0461,-80.42806,-0.98611,M,RIO CHICO-PECHICHE,1975,2002,No
M0462,-80.208833,-0.928583,M,JUNIN,1973,2018,No
M0463,-80.39778,-1.58333,M,CAMPOSANO # 1,1964,1985,No
M0464,-80.2245,-1.027583,M,RIO CHAMOTETE-JESUS MARIA,1968,2018,No
M0465,-79.46555556,-1.444166667,M,VENTANAS INAMHI,1964,2018,No
M0466,-79.75133889,-1.542355556,M,VINCES,1964,2016,No
M0467,-79.47333,-1.16944,M,CALABI-HDA.LORENA,1964,1983,No
M0468,-79.29972222,-1.775555556,M,MONTALVO-LOS RIOS,1975,2017,No
M0469,-79.89305556,-1.780833333,M,BABA,1976,2015,No
M0470,-79.5085,-1.186597,M,MOCACHE,1982,2018,No
M0471,-79.3175,-1.352777778,M,ZAPOTAL-LOS RIOS,1980,2018,No
M0472,-80.35722,-2.17889,M,JULIO MORENO(SIMON BOLIVAR),1965,2014,No
M0473,-80.55972,-2.315,M,ZAPOTAL-SANTA ELENA,1964,1986,No
M0474,-80.61167,-1.94194,M,FEBRES CORDERO,1964,1983,No
M0475,-80.00805556,-1.542777778,M,COLIMES DE BALZAR INAMHI,1965,2018,No
M0476,-79.99583333,-1.696111111,M,LA CAPILLA INAMHI,1967,2018,No
M0477,-79.54388889,-2.530277778,M,PUERTO INCA(CAÑAR EN),1966,2018,No
M0478,-79.78694,-2.99111,M,TENGUEL,1964,1980,No
M0479,-79.61861,-3.71056,M,PORTOVELO,1960,2002,No
M0480,-79.63472,-3.76278,M,RIO PINDO(AJ AMARILLO),1962,1986,No
M0481,-79.58333333,-3.321111111,M,USHCURRUMI,1975,2018,No
M0482,-80.197844,-3.548672,M,CHACRAS,1972,2016,No
M0483,-79.83194,-3.38917,M,RIO NEGRO,1973,1980,No
M0484,-77.83694,-0.93139,M,ARCHIDONA,1964,2007,No
M0485,-77.85694444,-1.165555556,M,ZATZAYACU AROSEMENA,1964,2019,No
M0486,-77.82556,-0.41583,M,BORJA-MISION JOSEFINA,1966,2001,No
M0487,-77.62944,0.63056,M,EL PLAYON DE SAN FRANCISCO,1968,2002,No
M0488,-77.83778,-0.87333,M,COTUNDO,1972,2005,No
M0489,-77.8525,-0.73917,M,JONDACHI,1969,1985,No
M0490,-77.82,-0.385,M,SARDINAS,1972,2018,No
M0491,-77.79444,-1.05861,M,PUERTO NAPO,1964,2000,No
M0492,-76.08333333,-0.416666667,M,PAÑACOCHA,,,No
M0493,-75.75,-1.58333,M,CANELOS,1978,1982,No
M0494,-77.83333,-1.46667,M,KM.20 VIA PUYO-ARAJUNO,1978,2015,No
M0495,-77.91667,-1.38333,M,TENIENTE HUGO ORTIZ,1982,1984,No
M0496,-77.86666667,-1.266666667,M,SANTA CLARA,,,No
M0497,-78.22195556,-2.622213889,M,LOGROÑO,1977,2014,No
M0498,-78.69361,-3.33056,M,CHIGUINDA-BERMEJOS,1979,1984,No
M0499,-78.41667,-3.21667,M,SAN CARLOS-LIMON,1982,1999,No
M0500,-78.35,-2.96667,M,PESCADO-VIA LA UNION,1982,1992,No
M0501,-78.30305556,-2.701944444,M,MENDEZ INAMHI,1971,2015,No
M0502,-78.59,-3.628333333,M,EL PANGUI,1978,2018,No
M0503,-79.086361,-3.9815,M,SAN FRANCISCO-SAN RAMON,1964,2018,No
M0504,-78.85972,-3.97722,M,CUMBARATZA,1964,1986,No
M0505,-78.61111,-3.77083,M,LOS ENCUENTROS,1979,1985,No
M0506,-78.67472222,-3.933055556,M,PAQUISHA,1982,2016,No
M0507,-89.48333,-0.85,M,PAMPA MIA-ISLA SAN CRISTOBAL,1964,1984,No
M0508,-89.53825,-0.894583,M,LA SOLEDAD-ISLA SAN CRISTOBAL,1964,2018,No
M0509,-90.48333,-1.26667,M,LA PLAYA-ISLA FLOREANA,1964,2008,No
M0510,-90.48333,-1.26667,M,ASILO DE LA PAZ-ISLA FLOREANA,1964,1983,No
M0511,-90.36667,-0.7,M,SANTA ROSA-GALAPAGOS,1974,1983,No
M0512,-90.41111111,-0.688888889,M,ZONA LA RESERVA,,,No
M0513,-90.32222222,-0.648611111,M,MEDIA LUNA-ISLA SANTA CRUZ,,,No
M0514,-91.03333,-0.85,M,VOLCAN SANTO TOMAS,1981,1981,No
M0515,-79.64444444,-4.055833333,M,CATACOCHA,1964,2018,No
M0519,-79.88333,-2.15,M,MUNICIPIO GAUYAQUIL,1976,1985,No
M0520,-79.88333,-2.15,M,CRUZ ROJA-GUAYAS,1976,1985,No
M0521,-79.7,-2.81667,M,PUENTE SOLEDAD,1976,1988,No
M0522,-79.0725,-2.49167,M,CAÑAR AJ RAURA(SAN MIGUEL),1967,1983,No
M0523,-78.92556,-2.50667,M,EL TAMBO-CAÑAR,1964,1975,No
M0524,-78.75,0.26667,M,CHONTAL ALTO,1982,1992,No
M0525,-78.33333,0.23333,M,PISABO,1975,1995,No
M0526,-78.18694,0.14056,M,CAJAS-MOJANDA,1964,1978,No
M0527,-79.41556,-2.4025,M,COCHANCAY LA CADENA,1970,1984,No
M0528,-78.74722,-0.73611,M,PAMPAS DE GUINTZA,1973,1987,No
M0529,-78.84167,-0.86,M,GUANGAJE,1973,1984,No
M0530,-78.53139,-0.91806,M,ILLUCHI-PLANTA ELECT.,1973,1984,No
M0531,0.0,0.0,M,BANCO DE ARENA,,,No
M0532,-78.41667,-0.51667,M,RIO PITA-HDA.PEDREGAL,1982,1983,No
M0533,-78.27889,-0.83778,M,CHALUPAS,1978,1984,No
M0534,-78.71722,-0.85056,M,ACCHI,1971,1986,No
M0535,-78.913972,-1.611361,M,LAS HERRERIAS,1964,2018,No
M0536,-79.32917,-2.42889,M,SAN GERARDO-CAÑAR,1975,1984,No
M0537,-79.50167,-2.45083,M,SAN JACOBO-VAINILLO,1973,1984,No
M0538,-78.67417,-2.48222,M,PAN GRANDE-SAN VICENTE,1975,1989,No
M0539,-78.06389,-2.86667,M,BUENOS AIRES-AZUAY,1975,1992,No
M0540,-79.00889,-2.1125,M,MULTITUD,1969,2012,No
M0541,-78.92083,-3.00361,M,COCHAPAMBA-QUINGEO,1974,2008,No
M0542,-79.42652778,-3.852413889,M,EL CISNE,1966,2018,No
M0543,-79.34861111,-4.138888889,M,CAJANUMA,1970,2019,No
M0544,-79.69305556,-4.316666667,M,COLAISACA,1963,2018,No
M0545,-77.96667,-0.33333,M,OYACACHI,1975,1992,No
M0546,-77.87194,-0.61667,M,COSANGA,1972,1992,No
M0547,-77.26694,0.08361,M,PUERTO AGUARICO,1981,1984,No
M0548,-78.7,-3.883333333,M,EL DORADO,,,No
M0549,-79.29083333,-0.1425,M,RIO BLANCO-QUININDE,,,No
M0550,-79.54139,0.65694,M,VICHE,1964,1979,No
M0551,-79.73333,-1.43333,M,PALENQUE,1984,1999,No
M0552,0.0,0.0,M,AMALIA-CATARAMA,,,No
M0553,-80.31666667,-2.65,M,SAN JUAN DEL MORRO,2000,2018,No
M0554,-78.51528,0.8625,M,ALTO TAMBO,1967,1992,No
M0555,-80.34833,-1.84972,M,VILLAO-PEDRO CARBO,1964,2008,No
M0556,-79.5,-1.083333333,M,QUEVEDO,,,No
M0557,-79.82083,-1.84417,M,SALITRE(COL.27 DE NOVIEMBRE),1984,1987,No
M0558,-78.45944,-0.89333,M,SANTA ELENA-CAMPAMENTO,1980,1992,No
M0559,-80.13333333,-2.3,M,SANTA MAGDALENA,,,No
M0560,-80.45,-2.4,M,VILLINGOTA,,,No
M0561,-78.31667,-0.15,M,LA MERCED DE CARABURO,1975,1978,No
M0562,-78.27611,0.76111,M,RIO BLANCO INECEL,1964,1992,No
M0563,-77.312783,-0.69869,M,LORETO,1982,2019,No
M0564,-78.25,-2.183333333,M,YURUPAZA,,,No
M0565,0.0,0.0,M,HDA.BALBINA,,,No
M0566,-78.29139,-0.0775,M,ASCAZUBI INAMHI,1967,1971,No
M0567,-80.24333,-1.05944,M,SAN PLACIDO INAMHI,1964,1970,No
M0568,-80.22417,-3.44722,M,HUALTACO,1963,1976,No
M0569,-79.86667,-3.64361,M,SARACAY,1963,1985,No
M0570,-78.05,0.5,M,CHOTA CHIQUITO,1963,1965,No
M0571,-78.19139,0.4675,M,TUMBABIRO,1963,1984,No
M0572,-78.42694,-0.19222,M,CUMBAYA,1964,1980,No
M0573,-78.1,0.125,M,CHAUPI,1964,1980,No
M0574,-78.35056,0.00306,M,HDA.JERUSALEN,1964,1972,No
M0575,-79.38389,-0.07028,M,RIO MACHE,1964,1977,No
M0576,-79.34028,-0.52944,M,SALGANA-H.S.ANTONIO DE ILA,1964,1978,No
M0577,-78.37167,-0.63694,M,CAJAS PEDREGAL,1964,1975,No
M0579,-78.58778,-1.04056,M,SALCEDO-CENTRO AGRICOLA,1963,1976,No
M0580,-78.46667,-1.1,M,YANAYACU-HDA.PUCARA,1963,1973,No
M0582,-79.04028,-1.70778,M,SAN MIGUEL DE BOLIVAR,1964,1980,No
M0583,-78.66727778,-2.630388873,M,PINDILIG,1965,2013,No
M0584,-79.215,-3.88694,M,LAS JUNTAS PUCALA,1964,1984,No
M0585,-78.55,0.95,M,EL PLACER-ESTACION FF CC,,,No
M0586,-78.7725,1.06667,M,SAN JAVIER-ESTACION FF CC,1964,1972,No
M0587,-78.67611,0.14056,M,NANEGAL,1976,1992,No
M0589,-80.24388889,-1.635555556,M,GUALE,1964,2018,No
M0590,-79.98972,0.26667,M,COJIMIES,1964,1979,No
M0592,-80.26667,-2.33139,M,CERECITA,1964,1977,No
M0593,-79.08167,0.08833,M,PEDRO VICENTE MALDONADO-INECEL,1976,1992,No
M0594,-78.21667,-0.21667,M,LA MICA,1965,1965,No
M0596,-78.41083,0.82417,M,CACHACO,1960,1973,No
M0597,-78.05806,0.42361,M,PIMAN CHICO,1964,1972,No
M0598,-79.2075,-0.410833333,M,COOPERATIVA LUZ DE AMERICA,,,No
M0599,-78.86444,-1.40639,M,RIO COLORADO,1964,1991,No
M0600,0.0,0.0,M,UNGUI,,,No
M0601,-90.28333,-0.43333,M,CHARLES DARWIN INECEL,1982,1984,No
M0602,-90.83333,-0.2,M,BAHIA SAN SALVADOR,1964,1975,No
M0603,-78.12472,0.46417,M,SALINAS-IMBABURA INAMHI,1964,1986,No
M0604,-78.38278,0.25361,M,SIGSICUNGA-HDA.,1964,1994,No
M0605,-78.31068,0.05423,M,COCHASQUI-HDA. INAMHI,1966,1966,No
M0606,-78.5,-0.21667,M,QUITO-U.CENTRAL,1964,1973,No
M0607,-78.80944,0.28389,M,MANDURIACO CHICO,1982,1992,No
M0608,0.0,0.0,M,LIMONES,,,No
M0609,-79.385,0.13139,M,AMANCAY-QUININDE,1964,1964,No
M0610,-80.43333,-0.56667,M,SAN VICENTE- MANABI,1964,1975,No
M0611,-80.41667,-0.58333,M,BAHIA DE CARAQUEZ AEROPUERTO,1964,1989,No
M0612,-78.82444,0.14194,M,GUAYCUYACU,1982,1992,No
M0613,-80.24861,-0.77333,M,TOSAGUA,1964,1964,No
M0614,-79.81417,-1.0475,M,PICHINCHA-MANABI,1964,1973,No
M0615,-80.23333,-1.1,M,HONORATO VASQUEZ-POZA HONDA,1964,1964,No
M0616,-79.66722222,-1.108888889,M,COFFEA ROBUSTA,,,No
M0617,-79.46666667,-0.916666667,M,VALENCIA-VERGEL,,,No
M0618,-78.49,-0.099444444,M,EL CONDADO(PG1D),,,No
M0619,-80.74861111,-1.852777778,M,MANGLARALTO,1989,2018,No
M0620,-79.55389,-2.25472,M,HDA.PAYO,1964,1966,No
M0621,-78.52306,0.40694,M,CUELLAJE,1977,1992,No
M0622,-78.41667,-0.48333,M,RIO PITA AJ SALTO,1967,1980,No
M0623,-79.59667,-0.26472,M,PALMERAS UNIDAS(PALMAR),1964,2012,No
M0625,-78.88833,-2.71,M,BIBLIAN INECEL,1975,1987,No
M0626,-79.54722,0.71722,M,HDA.TABUCHE(KM.41 ESM-QUI),1965,1968,No
M0627,-79.43333,0.46667,M,CTO.ZAPOTAL-KM.16 VIA QUININDE,1966,1969,No
M0628,-78.06389,0.15861,M,HDA.PESILLO,1965,1976,No
M0629,-78.43056,-0.93139,M,SALAYAMBO-LAGUNA,1965,1985,No
M0630,-78.41667,-1.08333,M,LAS JUNTAS-PISAYAMBO,1965,1973,No
M0631,-78.42916667,-0.5,M,CONGONA(PERIPA-PTO.ILA),,,No
M0632,-79.60888889,0.8175,M,HDA.TIMBRE(KM.22 ESM-QUI),,,No
M0633,-79.38333333,0.016666667,M,HDA.SAN RAFAEL(KM.49 SDO-QUI),,,No
M0634,-79.33333333,-0.05,M,HDA.LA MACARENA(KM.39 SDO-QUI),,,No
M0635,-79.2,-0.183333333,M,HDA.EL TINGO(KM.12 SDO-QUI),,,No
M0636,-79.33333333,-0.4,M,HDA.CAFI(KM.29 SDO-QUE),,,No
M0637,0.0,0.0,M,HDA.LOUSIANA(PERIPA),,,No
M0638,-79.5,-0.716666667,M,HDA.PITITA(KM.43 SDO-QUE),,,No
M0639,-79.5,-0.883333333,M,HDA.PILARCITA(KM.22 QUE-SDO),,,No
M0640,0.0,0.0,M,HDA.CHAVICA(LIM.LOS VERGELES),,,No
M0642,-79.28333333,-0.933333333,M,HDA.NACHITA(KM.31 QUE-MANA),,,No
M0643,0.0,0.0,M,HDA.MOPA(QUE-ZAPOTAL),,,No
M0644,-79.55,-1.1,M,HDA.LUZ MARIA(KM.18 QUE-EMP),,,No
M0645,0.0,0.0,M,ESTACION EXP.DE PICHILINGUE,,,No
M0646,-79.46666667,-1.133333333,M,HDA.EL SAUCE(KM.8 MOCACHE),,,No
M0647,-79.73333333,-1.4,M,HDA.PTO.PALENQUE(PALENQUE),,,No
M0648,-79.73333333,-1.483333333,M,HDA.LA MARIA(8 KM.DE VINCES),,,No
M0649,-79.43333333,-1.416666667,M,HDA.LA VICTORIA(VENT-ZAPOTAL),,,No
M0650,-79.46666667,-1.55,M,HDA.NUEVA UNION(CATARAMA),,,No
M0651,-79.51667,-1.51667,M,HDA.CERRITOS(KM.3 P.VIEJO),1976,1976,No
M0652,0.0,0.0,M,HDA.ZOILITA(KM.6 DE MILAGRO),,,No
M0653,0.0,0.0,M,HDA.ROCAFUERTE(ROCAFUERTE),,,No
M0655,0.0,0.0,M,HDA.CECILIA(KM.72 DURAN-TAMBO),,,No
M0656,0.0,0.0,M,HDA.LEONCIO BARBA(KM.21 TRCAL),,,No
M0657,-79.83333333,-2.916666667,M,HDA.STA.RITA(BALAO),,,No
M0658,0.0,0.0,M,HDA.PENSILVANIA(SEC.NORTE),,,No
M0659,0.0,0.0,M,HDA.STA.CLARA(EL GUABO),,,No
M0660,-79.91666667,-3.3,M,ESTACION EXP.DE MACHALA-DNB,,,No
M0661,-80.76666667,-2.233333333,M,BAÑOS SAN VICENTE,,,No
M0662,0.0,0.0,M,KM.24 GUASLAN,,,No
M0663,0.0,0.0,M,YARUQUIES-CHIMBORAZO,,,No
M0664,-78.78583,-3.04806,M,SIGSIG INECEL,1975,1994,No
M0665,-79.41667,-2.9125,M,CHAUCHA,1978,1992,No
M0666,-79.17333,-3.16833,M,SAN FERNANDO INECEL,1968,1992,No
M0667,-79.21944,-2.7,M,PATUL,1982,1992,No
M0668,-78.7,-3.0,M,MATAGLO-GULAG,1978,1992,No
M0669,-78.95194,-3.19278,M,GIMA,1978,1992,No
M0670,-78.73083,-3.33639,M,SAN MIGUEL DE CUYES,1978,1992,No
M0671,-78.60833,-2.55139,M,HUANGRA,1978,1992,No
M0672,-78.66667,-2.62083,M,MANZANAHUAICO,1979,1993,No
M0673,-78.383333,-2.7,M,COPAL,1982,1992,No
M0674,-78.52111,-3.11333,M,SAN JUAN BOSCO,1982,1993,No
M0675,-78.38333,-2.16667,M,ZUÑAC,1982,1992,No
M0676,-78.31139,-2.70278,M,MENDEZ INECEL,1978,1993,No
M0677,-78.11167,-2.11361,M,UPANO DJ VOLCAN,1982,1993,No
M0678,-79.01667,-4.03333,M,SABANILLA,1977,1984,No
M0679,-78.66667,-4.01667,M,HUAYSIMI,1982,1992,No
M0680,-78.92639,-3.63417,M,YACUAMBI(28 DE MAYO),1976,1992,No
M0681,-78.96833,-3.54528,M,YACUAMBI EN TUTUPALI,1982,1988,No
M0682,-78.89667,-3.68833,M,YACUAMBI EN LA PAZ,1982,1989,No
M0683,-78.76667,-0.45,M,CHITOA,1982,1985,No
M0684,-79.08333,-4.54528,M,VALLADOLID,1982,1992,No
M0685,-79.13333,-4.86444,M,ZUMBA,1982,1992,No
M0686,-78.78306,-2.36806,M,LINDILIG,1982,1992,No
M0687,-78.98778,-2.48861,M,HONDO HUAYCO,1982,1987,No
M0688,-78.33888889,-1.138888889,M,EL GOLPE,,,No
M0689,-78.37777778,-1.172222222,M,PARAMOS JARAMILLO,,,No
M0690,-78.53694,-2.25583,M,ATILLO,1979,1981,No
M0691,-78.66667,-2.18528,M,TOTORAS,1979,1992,No
M0692,-78.51667,1.18167,M,TOBAR DONOSO,1982,1988,No
M0693,-78.32722,0.62722,M,BUENOS AIRES-IMBABURA,1982,1993,No
M0694,-78.11444,0.90889,M,MALDONADO-CARCHI,1982,1992,No
M0695,-78.13278,-3.0425,M,SANTIAGO,1979,1992,No
M0696,-78.18472,-1.93417,M,LANGOA Y MULATOS,1982,1991,No
M0697,-77.493889,0.206111,M,PUERTO LIBRE (SP.COFANES),1982,2014,No
M0698,-77.545639,0.473222,M,LA BONITA,1982,2018,No
M0699,-77.74778,-0.46861,M,BORJA SUPERIOR,1985,1988,No
M0700,-78.10666667,-0.478611111,M,QUIJOS SUPERIOR,,,No
M0701,-77.93722222,-0.083333333,M,SALADO AJ CASCABEL,,,No
M0702,-77.44806,-0.155,M,CODO SINCLAIR SUPERIOR,1982,1983,No
M0703,-77.33333,-0.01667,M,CODO SINCLAIR INFERIOR,1984,1988,No
M0704,-77.95527778,-0.2975,M,SAN JUAN GRANDE,,,No
M0705,-77.94027778,-0.198055556,M,SARAHURCO SUR,,,No
M0706,-77.93333333,-0.648611111,M,COSANGA SUPERIOR,,,No
M0707,-77.74638889,-0.353888889,M,MURALLAS DEL MEDIO,,,No
M0708,-77.85444444,-0.225555556,M,CABECERAS SANTA ROSA,,,No
M0709,-77.46666667,-1.5,M,PAYAMINO,,,No
M0710,-77.36425,-0.914472,M,CHONTA PUNTA,1982,2017,No
M0711,-78.13333,-0.91667,M,MULATOS AJ VERDEYACU,1982,1982,No
M0712,-77.933333,-2.833333,M,YAUPI,1982,1988,No
M0713,-77.66667,-0.86667,M,SUMACO(CERRO),1982,1987,No
M0714,-77.86666667,0.016666667,M,PLANADA VIRGEN,,,No
M0715,-78.86667,0.91667,M,SELVA ALEGRE-ONZOLE,1982,1991,No
M0716,-78.91667,0.18333,M,TELEMBI-ONZOLE,1982,1986,No
M0717,-78.81667,-0.41667,M,TANDAPI INECEL,1982,1993,No
M0718,-78.91667,-0.6,M,AZACHE,1967,1989,No
M0719,-78.78333,-0.46667,M,SARAPULLO MEDIO,1965,1984,No
M0720,-78.31667,-1.26667,M,RIO VERDE MEDIO,1982,1992,No
M0721,-78.73111,0.22444,M,MESA MIRAVALLE(DEL CHONTAL),1982,1992,No
M0722,-78.58638889,0.385277778,M,TOABUNCHI,,,No
M0723,-78.66667,-2.63472,M,MANZANAPATA,1975,1979,No
M0724,-78.37278,-1.05639,M,ANGAHUANO,1969,1973,No
M0725,-78.39555556,-1.129444444,M,YANACOCHA,,,No
M0726,-77.71666667,-0.15,M,SALADO AJ GUATARI,,,No
M0727,-77.86667,0.68333,M,EL VOLADERO,1984,1984,No
M0728,-77.98333,0.65,M,MIRADOR-INGUEZA,1984,1984,No
M0729,-77.9,0.61667,M,EL AZUFRAL,1984,1984,No
M0730,-78.6325,-0.6025,M,LLULLUCHIS,1976,1988,No
M0731,-78.4625,-0.82611,M,CAJAS-CUCHITINGUE,1975,1984,No
M0732,-78.72083,-1.06083,M,RUMIQUINCHA,1973,1984,No
M0733,-79.32,-2.51556,M,BOCATOMA-CAÑAR,1966,1984,No
M0734,-77.94167,0.095,M,RIO ARTURO,1984,1984,No
M0735,-79.67888889,-3.611666667,M,AYAPAMBA,1975,2018,No
M0736,-79.82361111,-3.7625,M,BALSAS,1975,2018,No
M0737,-80.08333333,-3.708333333,M,EL MANGO,,,No
M0738,-79.49222222,-3.459166667,M,GUANAZAN,1981,2017,No
M0739,-79.72417,-3.77889,M,GUAYACAN,1975,2013,No
M0740,-79.63111111,-3.604444444,M,HUERTAS,1971,2015,No
M0741,-80.02638889,-3.776388889,M,LAS LAJAS (EL PARAISO),1981,2017,No
M0742,-80.06444,-3.78528,M,LA VICTORIA PREDESUR,1980,1990,No
M0743,-79.74305556,-3.693055556,M,MOROMORO,1971,2018,No
M0744,-79.6675,-3.5875,M,PACCHA,1981,2018,No
M0745,-80.09833,-3.66528,M,PALMALES,1975,2006,No
M0746,-80.18338333,-3.665280556,M,QUEBRADA SECA,1974,2015,No
M0747,-79.875,-3.476111111,M,RIO CHICO-EL ORO,1981,2016,No
M0748,-79.53361111,-3.754444444,M,SALATI,1975,2018,No
M0749,-80.00139,-3.63,M,TAHUIN,1974,1984,No
M0750,-79.41667,-4.58333,M,AMALUZA PREDESUR,1974,1999,No
M0751,-79.71556,-3.89111,M,BUENAVISTA,1981,2016,No
M0752,-80.48166667,-4.086388889,M,CAZADEROS,1981,2018,No
M0753,-79.97083333,-3.931388889,M,CIANO,1975,2019,No
M0754,-79.64761,-3.88651,M,CHAGUARPAMBA,1974,2016,No
M0755,-80.31638889,-4.019722222,M,CHAGUARGUAYCO,1981,2018,No
M0757,-80.12833333,-3.986666667,M,EL LIMO,1981,2018,No
M0758,-79.57388889,-3.823055556,M,EL PRADO(GUAYQUICHUMA) 200 CC,1971,2016,No
M0759,-79.37361111,-4.073333333,M,EL TAMBO-LOJA,1971,2018,No
M0760,-79.75861111,-3.968055556,M,LAURO GUERRERO,1975,2018,No
M0761,-79.46667,-4.4,M,EL LUCERO PREDESUR,1974,2005,No
M0762,-79.98472222,-4.019444444,M,MERCADILLO,1975,2016,No
M0763,-79.43389,-4.14056,M,NAMBACOLA,1971,2004,No
M0764,-79.24333,-4.31389,M,QUINARA (PREDESUR),1974,1999,No
M0765,-80.12361111,-4.199444444,M,SABANILLA-PREDESUR,1975,2018,No
M0766,-79.80972,-4.35972,M,SABIANGO PREDESUR,1975,2004,No
M0767,-79.26194,-3.72694,M,SAN LUCAS PREDESUR,1982,1992,No
M0768,-79.78889,-4.32472,M,SOZORANGA PREDESUR,1975,2007,No
M0769,-79.71111,-4.35833,M,UTUANA,1974,1987,No
M0770,-79.87138889,-3.896666667,M,ORIANGA,1984,2016,No
M0773,-79.70277778,-3.676666667,M,PIÑAS,1975,2018,No
M0774,-80.12333333,-2.161666667,M,ABRETONES,1986,2018,No
M0775,-80.23194444,-2.223055556,M,LIMONCITO,1989,2018,No
M0776,-80.2225,-2.481944444,M,SABANA GRANDE,1989,2018,No
M0777,-80.33528,-2.48333,M,SAN JUAN-GUAYAS,1989,1999,No
M0778,-80.45,-2.13333,M,CARRIZAL,1986,1993,No
M0779,-80.45805556,-2.0325,M,LOS CEIBITOS,1989,2018,No
M0780,-80.67194444,-2.026111111,M,COLONCHE,1989,2018,No
M0781,-80.59833,-1.88333,M,EL AJI,1984,1999,No
M0782,-80.68333333,-1.9,M,BARCELONA,1986,2018,No
M0783,-80.56888889,-1.969444444,M,SALANGUILLO,1989,2018,No
M0784,-80.27667,-2.34611,M,SAN ISIDRO-GUAYAS,1986,2007,No
M0785,-80.51667,-2.08333,M,EL COROZO,1966,1999,No
M0786,-79.42444444,-0.39,M,PUERTO LIMON,1989,2018,No
M0787,-79.55528,-0.42194,M,SAN ANDRES,1987,1996,No
M0788,-79.76528,-0.95028,M,ALAJUELA,1986,1994,No
M0789,-79.22694444,-0.942222222,M,EL TRIUNFO #8,1986,2017,No
M0790,-79.29166667,-0.7,M,LA FLORIDA #6,,,No
M0791,-79.53611,-1.28889,M,EL SAUCE,1984,1989,No
M0793,0.0,0.0,M,GUAPARA #9,,,No
M0794,-79.32111111,-1.290277778,M,LAS NAVES,1987,2018,No
M0795,-79.44444,-1.83333,M,PALMAR-LA GRANJA,1984,1993,No
M0796,-79.40278,-0.66361,M,BABA DJ TOACHI,1971,1971,No
M0797,-79.50139,-2.29167,M,BULUBULU AJ PAYO,1967,1977,No
M0798,-80.44694,-1.66694,M,CASCOL,1967,1978,No
M0799,-79.41666667,-2.3,M,ESTERO VERDE,,,No
M0800,0.0,0.0,M,URB.ARROYO DELGADO,,,No
M0801,-80.07028,-1.01667,M,LAS DELICIAS-MANABI,1987,1987,No
M0802,-79.16222222,-1.854444444,M,LAS GUARDIAS,,,No
M0803,-79.61694444,-1.063611111,M,MACUL EN PTE.CARRETERA,,,No
M0804,-79.75722,-1.2525,M,PAN CRUDO(BALZAR),1986,1994,No
M0805,-79.28278,-1.77861,M,PISAGUA-MONTALVO,1987,2011,No
M0806,-80.06333333,-1.208333333,M,PUEBLO NUEVO,,,No
M0807,0.0,0.0,M,GRANJA EXP.DE MILAGRO,,,No
M0808,0.0,0.0,M,SANTA MONICA,,,No
M0809,-79.48333333,-2.166666667,M,NARANJITO-PAPAYAL,,,No
M0810,-80.41666667,-1.183333333,M,LODANA EN SAN JACINTO,,,No
M0811,-80.11666667,-1.1,M,LAS MERCEDES,,,No
M0812,-80.35083333,-0.508333333,M,EL BOTADERO,,,No
M0813,-80.33222,-0.48611,M,RECINTO CHITA,1971,1976,No
M0814,-80.28333333,-1.2,M,VISQUIJE,,,No
M0815,-80.13194444,-1.002222222,M,RON CON,,,No
M0816,-80.93333333,-2.233333333,M,LA LIBERTAD,,,No
M0817,-80.05,-2.233333333,M,KM.28 GUAYAQUIL-SALINAS,,,No
M0818,-79.76666667,-2.983333333,M,GALA EN PTE.CARRETERA,,,No
M0819,-79.41666667,-2.3,M,LA CANDELARIA,,,No
M0820,-79.71667,-3.16667,M,BONITO AJ PAGUA,1967,1972,No
M0821,0.0,0.0,M,SIETE AJ PAGUA,,,No
M0822,0.0,0.0,M,CALERA AJ AMARILLO,,,No
M0823,-79.91666667,-3.483333333,M,CALUGURO,,,No
M0824,-77.8,-0.3,M,SANTA ROSA AJ QUIJOS,,,No
M0825,-77.83333333,-0.35,M,EL CHACO INAMHI,,,No
M0826,-77.85,-1.216666667,M,KM.44 PUYO-NAPO,,,No
M0827,0.0,0.0,M,GUAMANI,,,No
M0828,-77.11666667,-0.633333333,M,HUINO,,,No
M0829,-77.83333,-0.38333,M,BORJA AJ QUIJOS,1965,1986,No
M0830,-90.83333333,-0.2,M,CTO.DARIEGAS-ISLA SAN SALVADOR,,,No
M0831,-90.41111111,-0.688888889,M,SANTACRUZ-ISLA SNTA.CRUZ,,,No
M0832,-90.31666667,-0.704166667,M,RANCHO-ISLA SANTA CRUZ,,,No
M0833,-77.94444444,0.100277778,M,RIO SAN PEDRO,,,No
M0834,-78.07222222,0.144444444,M,OLMEDO INERHI,,,No
M0835,-78.36666667,-1.033333333,M,QUILLOPACCHA-LAGUNA,,,No
M0836,-78.35166667,-1.086666667,M,NABOSBANCO,,,No
M0837,-78.41666667,-1.116666667,M,TALATAG,,,No
M0838,-78.31667,-1.06667,M,SAN MARTIN,1969,1973,No
M0839,-78.54333,-0.94583,M,PALOPO,1969,1982,No
M0840,-78.57389,-0.71444,M,HDA.CASPI(COLCAS),1969,1973,No
M0841,-78.68333,-0.73333,M,MONJAS(TOACASO),1970,1971,No
M0842,-78.41667,-0.98333,M,RIO CUCHIHUASI(CONDORPASO),1969,1969,No
M0843,-76.96666667,-0.333333333,M,CAÑON DE LOS MONOS,,,No
M0844,-79.05,-2.266666667,M,RIO CHANCHAN-KM.90+180 FF CC,,,No
M0845,-78.86277778,-2.422222222,M,YURACYACU,,,No
M0846,-78.86833333,-2.424722222,M,LABRARRUMI,,,No
M0847,-78.90166667,-2.435277778,M,ALAMBRE-PAMBA,,,No
M0848,0.0,0.0,M,PONCE ENRIQUEZ,,,No
M0849,-79.20972222,-2.779444444,M,LAGUNA PATOQUINA-ALIMENTACION,,,No
M0850,-79.21833333,-2.768888889,M,LAGUNA TOREADOR-SALIDA,,,No
M0851,-79.22166667,-2.768333333,M,LAGUNA TOREADOR-ALIMENTACION,,,No
M0852,-79.20694444,-2.778333333,M,LAGUNA PATOQUINA-SALIDA,,,No
M0853,-79.47583,-3.96167,M,LAS CHINCHAS,1975,1976,No
M0854,-79.7,0.933333333,M,CIUDAD DE LOS MUCHACHOS,,,No
M0855,-79.42111111,0.408611111,M,MALIMPIA,,,No
M0856,-80.18333333,-0.333333333,M,JAMA EN VENADO-SAN ROQUE,,,No
M0857,-78.6,-1.666666667,M,SAN CLEMENTE,,,No
M0858,-79.48333,-2.28333,M,EMPALME,1984,1987,No
M0859,-79.43333,-2.26667,M,PARAISO,1984,1987,No
M0860,-79.41667,-2.21667,M,JOSEFINA,1984,1987,No
M0861,-79.48333,-2.23333,M,POZONES,1984,1987,No
M0862,-79.38333,-2.2,M,SAN FERNANDO ING.S.CARLOS,1984,1991,No
M0863,-79.36667,-2.23333,M,PELIGRO,1984,1987,No
M0864,-79.33333,-2.21667,M,PRETORIA,1984,1987,No
M0865,-79.33333,-2.28333,M,ACHIOTE,1984,1987,No
M0866,-79.45,-2.25,M,ADELINA MARIA,1986,1987,No
M0867,-79.45,-2.2,M,BATEY,1986,1987,No
M0868,-79.41667,-2.16667,M,CHIMBO,1984,1987,No
M0869,-79.48333,-2.2,M,SANTA ISABEL ING.S.CARLOS,1984,1987,No
M0870,-79.41667,-2.15,M,NORTON,1984,1987,No
M0871,-79.48333,-2.15,M,CONDUCTA,1984,1987,No
M0872,-78.40861111,0.256388889,M,INGUINCHO # 2,,,No
M0873,-78.41111111,0.256111111,M,INGUINCHO # 3,,,No
M0874,-78.40472,0.24278,M,INGUINCHO # 4,1976,1985,No
M0875,-78.41028,0.26028,M,INGUINCHO # 6,1976,1985,No
M0876,0.0,0.0,M,INGUINCHO A,,,No
M0877,0.0,0.0,M,INGUINCHO B,,,No
M0878,0.0,0.0,M,INGUINCHO C,,,No
M0879,-77.78139,0.53083,M,APAQUI D.J MINAS,1967,1973,No
M0880,-78.52639,-0.08778,M,HDA.CUCHO(PV2),1986,1986,No
M0881,0.0,0.0,M,BICOCA-VENTANAS,,,No
M0883,0.0,0.0,M,HDA.BALAO CHICO(BALAO),,,No
M0884,0.0,0.0,M,BONITA-VENTANAS,,,No
M0885,0.0,0.0,M,GRANJA EXP.DE VAINILLO,,,No
M0886,-78.45666667,-0.1825,M,BELLAVISTA T(PV20) EPMAPS QUITO,,,No
M0887,-78.8,-0.9,M,HUAYRAPUNGO,,,No
M0888,0.0,0.0,M,JIMBILLA,,,No
M0889,0.0,0.0,M,CLEMENTINA DNB,,,No
M0890,-79.8,-4.1,M,LUCARQUI,,,No
M0891,-79.8,-1.675,M,LA MARINA #15,1995,1997,No
M0892,0.0,0.0,M,LOMA LARGA,,,No
M0893,-79.53333333,-1.75,M,HDA.LA JULIA(KM.10-BABAHOYO),,,No
M0894,0.0,0.0,M,MANGO ARROCERO,,,No
M0895,-80.32667,-1.5,M,MOCORA GRANDE,1987,2003,No
M0897,0.0,0.0,M,MARTINICA-BABA,,,No
M0898,0.0,0.0,M,MONTAÑA-QUEVEDO,,,No
M0899,-79.50472222,-1.678611111,M,PANIGON # 12,1986,2015,No
M0900,-78.46666667,-1.416666667,M,PUENTE LAS JUNTAS,,,No
M0901,-79.325,-1.616666667,M,PITA CEDEGE,1987,2018,No
M0902,-78.13333333,0.533333333,M,SALINAS-IMBABURA INECEL,,,No
M0903,0.0,0.0,M,HDA.SAN HONORATO(BAL-EMP),,,No
M0904,-78.66666667,0.083333333,M,SANTA M-PINGULMI,,,No
M0905,0.0,0.0,M,TABLAS CHICO #11,,,No
M0906,-79.95222222,-1.055833333,M,SOLANO-CEDEGE,1986,2018,No
M0907,-79.58333333,-3.966666667,M,VENTOLERA VELAC,,,No
M0908,-91.048778,-0.841861,M,TOMAS DE BERLANGA,1988,2018,No
M0909,-78.327278,0.25875,M,GUALSAQUI,1985,2018,No
M0910,-78.34222,0.27194,M,MORASPUGRO-IMBABURA,1985,2002,No
M0911,-78.29972,0.25194,M,RIO BLANCO(CUENCA EXP.),1985,1994,No
M0912,-78.3425,0.225833333,M,SAN JOAQUIN,,,No
M0913,-78.50972,-0.16583,M,HDA.MI CIELO(PV18),1975,1985,No
M0914,-78.51805556,-0.502777778,M,RUMIPAMBA INERHI,,,No
M0915,-78.475,-0.194444444,M,GUAPULO,,,No
M0916,-78.54305556,-0.205555556,M,SAN FRANCISCO INERHI,,,No
M0917,-78.49444444,-0.231944444,M,PUENGASI,,,No
M0918,-78.52083333,-0.236666667,M,LA MAGDALENA,,,No
M0919,-78.50694,-0.26667,M,MIRAVALLE,1989,1990,No
M0920,-78.575,-0.323611111,M,TIRICUCHO,,,No
M0921,-78.55416667,-0.270833333,M,CHILLOGALLO,,,No
M0922,-80.48555556,-2.380833333,M,RIO TINTO 1(PG1),,,No
M0923,-80.515,-2.387777778,M,RIO TINTO 2(PGM2),,,No
M0924,-80.50361,-2.38778,M,RIO TINTO 3(PGM3),2011,2011,No
M0925,-80.50805556,-2.398055556,M,RIO TINTO 4(PGM4),,,No
M0926,-80.48833333,-2.400833333,M,RIO TINTO 5(PGM5),,,No
M0927,-80.4675,-2.395833333,M,RIO TINTO 6(PGM6),,,No
M0928,-80.47694444,-2.424444444,M,RIO TINTO 7(PGM7),,,No
M0929,-80.4725,-2.463055556,M,RIO TINTO 8(PG8),,,No
M0930,-80.48138889,-2.434722222,M,RIO TINTO 9(PGM8),,,No
M0931,-80.46527778,-2.47,M,RIO TINTO 10(PG9),,,No
M0932,-80.45305556,-2.454722222,M,RIO TINTO 11(PG10),,,No
M0933,-80.45638889,-2.440277778,M,RIO TINTO 12(PG11),,,No
M0934,-80.44833333,-2.428055556,M,RIO TINTO 13(PGM12),,,No
M0935,-80.43611111,-2.385833333,M,RIO TINTO 14(PG13),,,No
M0936,-80.49555556,-2.377777778,M,RIO TINTO 15(PG15),,,No
M0939,-78.54222222,-0.1175,M,CONTADERO(PG4M),,,No
M0940,-78.51916667,-0.123888889,M,LOMA GORDA(PG5MD),,,No
M0941,-78.50527778,-0.121666667,M,SAN CARLOS T(PT6D),,,No
M0942,-78.50222222,-0.139166667,M,PULIDA CHICA(PG7MD),,,No
M0943,-78.47361111,-0.136666667,M,AVIACION CIVIL(PV9),,,No
M0944,-78.51611111,-0.148055556,M,EL SOMBRERITO(PV10),,,No
M0945,-78.52027778,-0.153611111,M,SOBRE SOMBRERITO(PG11M),,,No
M0946,-78.53444444,-0.136111111,M,CHINILOMA(PG12M),,,No
M0947,-78.51111111,-0.176666667,M,RUMANACCHA(PG13D),,,No
M0948,-78.51917,-0.10889,M,SAN JOSE(CA.NONO),2010,2010,No
M0949,-78.52472222,-0.029722222,M,HDA.GRANDA CENTENO,,,No
M0950,-78.53888889,-0.158888889,M,CERRO VENTANILLA(PG14M),,,No
M0951,-78.51027778,-0.190555556,M,ECUADOR-TENIS(PV21),,,No
M0952,-78.47777778,-0.136944444,M,POZO 17,,,No
M0953,-78.54528,-0.16889,M,PICHINCHA(PG23S),1972,1972,No
M0954,-78.53277778,-0.185277778,M,CRUZ LOMA-ANTENAS - EPMAPS QUITO,,,No
M0955,-78.52694444,-0.179166667,M,MIRADOR LOMA(PG26M),,,No
M0956,-78.47277778,-0.186944444,M,EL BATAN(PG28M),,,No
M0957,-78.48527778,-0.181388889,M,"CRUZ ""B""(PV29)",,,No
M0958,-78.51694444,-0.212222222,M,EL PLACER PLTA.(PT32D),,,No
M0959,-78.54694444,-0.232777778,M,CACHUCTO(PV35),,,No
M0960,-78.56611111,-0.241944444,M,GUAIRAPUNGO(PV36),,,No
M0961,-78.54111111,-0.269722222,M,SANTA RITA(PG37D),,,No
M0962,-78.59305556,-0.269722222,M,HDA.LA DOLOROSA(PG39D),,,No
M0963,-78.60611111,-0.277222222,M,HDA.EL ROSARIO(PV40)-LLOA,,,No
M0964,-78.57111111,-0.284722222,M,LA LIBERTAD TR(PT41D),,,No
M0965,-78.58333,-0.29222,M,HDA.CEVALLOS(PV42),1981,1981,No
M0966,-78.53527778,-0.308333333,M,RADIO COLON-ANTENAS(PV43),,,No
M0967,-78.55472222,-0.3125,M,HDA.ORTEGA(PV44),,,No
M0968,-78.59944444,-0.314444444,M,ATACAZO EPMAPS-Q(PV45),,,No
M0969,-80.44361111,-2.403888889,M,RIO TINTO 16(PG16),,,No
M0970,-80.54527778,-1.591388889,M,BAJO GRANDE(PV11),,,No
M0971,-80.56833333,-1.603055556,M,CHONTAL(PV10),,,No
M0972,-80.52805556,-1.623611111,M,CRISTOBAL COLON(PV14),,,No
M0973,-80.54444444,-1.640833333,M,SAN PLACIDO CRM(PV13),,,No
M0974,-80.51055556,-1.645833333,M,LA QUINTA(PV15),,,No
M0975,-80.49389,-1.63417,M,BANCHAL P.CARRETERA(PV25),1984,1987,No
M0976,-80.50083333,-1.6825,M,LA POZA(PV17),,,No
M0977,-80.50444444,-1.718888889,M,GRAMALOTAL(PV18),,,No
M0978,-80.54888889,-1.698333333,M,LA ALAMBRADA(PV2),,,No
M0979,-80.51972,-1.75306,M,BELLAVISTA(PV21),1975,1975,No
M0980,-80.49333333,-1.633611111,M,TERRENOS CRM(PV1),,,No
M0981,-80.51444444,-1.602222222,M,SAN ANTONIO(PV7),,,No
M0982,-80.50722222,-1.612222222,M,LA ITALIA(PV6),,,No
M0983,-80.51777778,-1.611388889,M,LA LOMA(PV5),,,No
M0984,-80.51527778,-1.620833333,M,LAS GUABAS(PV4),,,No
M0985,-80.50944444,-1.628611111,M,LAS GUABAS(PV3),,,No
M0986,-80.51083,-1.57111,M,NUEVA UNION(PV8),1990,1990,No
M0987,-80.48333333,-1.607777778,M,CAÑAS DE BANCHAL(PV9),,,No
M0988,-80.44555556,-1.679722222,M,CARRETERA MANTA-GUAYAS,,,No
M0989,-80.4925,-1.762222222,M,SAN ANTONIO MARAVILLAS(PV20),,,No
M0990,-80.55083333,-1.736388889,M,LAS DELICIAS CRM,,,No
M0991,-80.50444444,-1.623611111,M,TERRENOS DE B.MERCHAN(PG1),,,No
M0992,-80.51305556,-1.634166667,M,UNION RIO P.P.GOMEZ-GRAMALOTAL(PG22),,,No
M0993,0.0,0.0,M,ZUMBAGUA,,,No
M0994,0.0,0.0,M,CALACALI MAG,,,No
M0995,0.0,0.0,M,ILALO(COM.CHUSPIACU),,,No
M0996,-78.38333333,-0.266666667,M,ALANGASI,,,No
M0997,0.0,0.0,M,ASCAZUBI MAG,,,No
M0998,0.0,0.0,M,TOTORILLAS(HDA.MAG),,,No
M0999,0.0,0.0,M,PUNIN-FLORES,,,No
M1000,0.0,0.0,M,HUALPITE(GUAMOTE),,,No
M1001,0.0,0.0,M,PALMIRA DAVALOS MAG,,,No
M1002,-78.3,0.083333333,M,COCHASQUI-PICACHOS MAG,,,No
M1003,0.0,0.0,M,JAGUA EN HDA.EL MIRADOR,,,No
M1004,0.0,0.0,M,BALAO EN HDA.EL RECREO,,,No
M1005,0.0,0.0,M,SIETE PTE.CARRETERA,,,No
M1006,0.0,0.0,M,RECINTO SOLEDAD,,,No
M1007,-79.61666667,0.95,M,LA PALMA,,,No
M1008,0.0,0.0,M,CANAL 8 TV,,,No
M1009,-79.41,0.2275,M,HDA.TATIANA,,,No
M1010,-79.39416667,0.089722222,M,KM.54 ERCO,,,No
M1011,-78.67527778,0.008611111,M,TANDAYAPA,,,No
M1012,-78.34861111,0.0175,M,HOSPITAL,,,No
M1013,-79.45055556,-0.032777778,M,MACHE-HDA.LA TOLITA,,,No
M1014,-79.38388889,-0.070277778,M,MACHE-PLAN PILOTO,,,No
M1015,-78.80083333,-0.013055556,M,MINDO-HDA.PONDEROSA,,,No
M1016,-78.44777778,-0.012222222,M,HDA.OASIS,,,No
M1017,-78.44916667,-0.026111111,M,HDA.LA HERLINDA,,,No
M1018,-78.61666667,-0.783333333,M,LASSO-H.LA AVELINA,,,No
M1019,-78.99722222,-0.319722222,M,ALLURIQUIN INAMHI,,,No
M1020,-79.37527778,0.453333333,M,HDA.COLE,,,No
M1021,-79.67972,0.925,M,LA PROPICIA,1973,1980,No
M1022,-78.93333333,0.8,M,ZAPALLO,,,No
M1023,-79.86805556,-3.623888889,M,LAS CHILCAS,,,No
M1024,-80.46305556,-1.576666667,M,ANONAS DE PAJAN,,,No
M1025,-80.315,-0.695833333,M,KM.21 BAHIA-CHONE,,,No
M1026,-79.00694444,-1.649444444,M,LLACAN,,,No
M1027,-80.0425,-0.567222222,M,RICAURTE-MANABI,,,No
M1028,-77.775,0.571944444,M,RIO MINAS,,,No
M1029,-77.68333333,-1.233333333,M,ARAJUNO,,,No
M1030,-79.66666667,-1.9,M,ISLA SILVA,,,No
M1031,-78.56666667,-0.616666667,M,HDA.REFUGIO,,,No
M1032,-78.05,-1.483333333,M,SEDIA-MADRE TIERRA,,,No
M1033,-79.88333333,-2.2,M,GUAYAQUIL FAE,,,No
M1034,-78.73333333,-1.6,M,LUISA,,,No
M1035,-78.75,1.25,M,LA CHIQUITA-ESMERALDAS,,,No
M1036,-78.68521389,-1.650833333,M,RIOBAMBA POLITECNICA,1978,2022,Yes
M1037,0.0,0.0,M,TIGRERA,,,No
M1039,-79.58333333,-1.366666667,M,HDA.STA.LUCIA-PALENQUE,,,No
M1040,-78.12500556,-2.229819444,M,MACAS SAN ISIDRO-PNS,2008,2020,Yes
M1041,0.0,0.0,M,CTO.TARRAGONA,,,No
M1042,0.0,0.0,M,RANCHO CHICO,,,No
M1043,0.0,0.0,M,LA RINCONADA-EL COLORADO,,,No
M1044,0.0,0.0,M,PICOAZA,,,No
M1045,-79.35,-2.166666667,M,NARANJITO-ING.ROCAFUERTE,,,No
M1046,0.0,0.0,M,BOCA DE TAZONES,,,No
M1047,0.0,0.0,M,ESTERO TIGRE,,,No
M1048,0.0,0.0,M,ESTERO TIMBRE,,,No
M1049,0.0,0.0,M,PIEDRA FINA,,,No
M1050,0.0,0.0,M,QUINTA FRAY LUIS,,,No
M1051,-78.38333,-1.06667,M,PISAYAMBO-LAGUNA,1987,1993,No
M1052,-78.53333333,-0.4,M,TAMBILLO-ESTACION EXP.,,,No
M1053,-78.6,-0.816666667,M,LIMACHE,,,No
M1054,-79.96666667,-1.75,M,SANTA LUCIA,,,No
M1055,-80.86666667,-2.233333333,M,SANTA ELENA-PENINSULA,,,No
M1056,-78.46666667,-0.033333333,M,POMASQUI,,,No
M1057,-78.43333333,-0.133333333,M,ZAMBIZA-EPMAPS,,,No
M1058,0.0,0.0,M,QUITO-ALFARO,,,No
M1059,-78.51666667,-0.25,M,RUCO PICHINCHA (1),,,No
M1060,-78.51666667,-0.25,M,RUCO PICHINCHA (2),,,No
M1061,-78.274278,-0.005111,M,OTON - FLODECOL,,,No
M1062,-77.98333333,0.45,M,CHOTA-H.S.RAFAEL,,,No
M1063,-78.43960278,-0.289222222,M,EL TINGO-BALNEARIO,,,No
M1064,0.0,0.0,M,AMAGUAÑA,,,No
M1065,-78.7,-0.68333,M,HUINZA(SAN CARLOS-COTOPAXI),1987,1993,No
M1066,-78.71044722,-0.750805556,M,COTOPILALO CONVENIO INAMHI-CESA,1988,2019,No
M1067,-78.63333,-1.9,M,CEBADAS CONVENIO INAMHI-CESA,1989,1990,No
M1068,-79.01667,-3.26667,M,YANALLPA CONVENIO INAMHI-CESA,1988,1990,No
M1069,-78.81884722,-1.276036111,M,CALAMACA CONVENIO INAMHI HCPT,1988,2018,No
M1071,-78.82868,-1.37929,M,MULA CORRAL CONVENIO INAMHI-HCPT,1988,1991,No
M1072,-79.2,-3.88333,M,JIMBILLA,1987,1992,No
M1073,-78.13333,-0.33333,M,PAPALLACTA INECEL,1989,1992,No
M1074,-80.806669,-1.6743,M,AYAMPE - EX CRM,1984,2019,No
M1075,-79.96667,-0.85,M,DOS BOCAS,1984,1990,No
M1076,-80.17905,-1.104863889,M,GUAJABE-POZA HONDA-EX CRM,1984,2018,No
M1077,-80.12188056,-1.096008333,M,BELLA FLOR - EX CRM,1984,2017,No
M1078,-80.75975278,-1.672063889,M,GUALE AYAMPE- EX CRM,1984,2018,No
M1079,-80.0375,-0.275,M,CONVENTO- EX CRM,1984,2017,No
M1080,-80.20350556,-1.111313889,M,POZA HONDA -EX CRM,1985,2016,No
M1081,-80.684194,-1.673528,M,LA COLOMBIA (AYAMPE),1984,2019,No
M1082,-80.46667,-0.95,M,CEIBAL,1986,1994,No
M1083,-79.835,-1.83917,M,SALITRE CEDEGE-COL 27 NOV.,1986,2007,No
M1084,-80.47361111,-0.905555556,M,LA JAGUA,,,No
M1085,-80.0325,-1.797222222,M,PLAN AMERICA - DAULE,1986,2018,No
M1086,-79.3575,-0.686388889,M,LA FLORIDA,1986,2018,No
M1088,-80.34995278,-0.524797222,M,BOTADERO (RIO BRICENIO),1987,2018,No
M1089,-79.976444,-1.070222,M,LA AZUCENA- EX CRM,1987,2018,No
M1090,-80.095306,-1.053111,M,SAN MIGUEL EN SAN PLACIDO,1987,2018,No
M1091,-80.01194444,-0.687777778,M,RIO GRANDE AJ MOSQUITO(CHONE),1985,2017,No
M1092,-80.58732778,-1.256108333,M,SANCAN-CRM,1988,2018,No
M1094,-78.25505278,0.011155556,M,TOMALON-TABACUNDO,1990,2022,Yes
M1095,-79.353282,-2.443048,M,INGENIO AZTRA,1989,2020,Yes
M1096,-79.899906,-2.180517,M,GUAYAQUIL U. ESTATAL,1992,2015,No
M1097,-79.61,-3.579722222,M,LA ESPERANZA (PREDESUR),2011,2016,No
M1098,-79.52777778,-3.625555556,M,SAN LORENZO (PREDESUR),2011,2016,No
M1099,-79.56305556,-3.655555556,M,ORTEGA (PREDESUR),2012,2019,No
M1100,-79.52389,-3.69167,M,CANALAL (PREDESUR),2011,2011,No
M1101,-79.49166667,-3.818611111,M,SAN JOSE (PREDESUR),2012,2018,No
M1102,-79.625,-3.845833333,M,ACHIOTE (PREDESUR),,,No
M1103,-79.53805556,-3.9125,M,ZAMBI (PREDESUR),1992,2019,No
M1104,-80.00055556,-0.568611111,M,RIO SANTO,2008,2018,No
M1105,-79.9455,-0.730972216,M,RIO GRANDE INAMHI,2008,2018,No
M1106,-78.63083,-2.65778,M,GUARAINAG,1990,1992,No
M1107,-78.99846944,-1.614341653,M,LAGUACOTO,1993,2015,No
M1108,-78.93917,-2.64778,M,HACIENDA ESMERALDA,1991,1992,No
M1109,-78.43333333,-2.583333333,M,GUARUMALES,,,No
M1110,-78.45,-2.58333,M,SOPLADORA,1989,1992,No
M1111,-79.033694,-2.680222,M,CHANLUD,2000,2021,Yes
M1112,-78.955,-2.73167,M,NAMURELTE,1991,1992,No
M1113,-78.86806,-2.82167,M,BURGAY PARCELA,1989,1991,No
M1114,-78.65306,-2.82194,M,SANTA TERESITA,1989,1992,No
M1115,-79.2325,-2.94667,M,SOLDADOS,1989,1992,No
M1116,-78.87944,-2.87222,M,JADAN PARCELA,1989,1991,No
M1117,-79.034911,-1.679792,M,INSTITUTO TECNICO 3 DE MARZO,1995,2018,No
M1118,-89.61667,-0.9,M,SAN CRISTOBAL-INOCAR,1986,1993,No
M1119,-90.41111,-0.68889,M,SANTA CRUZ- INOCAR,1986,1993,No
M1120,-80.93333,-2.23333,M,LA LIBERTAD-INOCAR,1988,1999,No
M1121,-80.43333,-0.58333,M,BAHIA DE CARAQUEZ-INOCAR,1986,1988,No
M1122,-90.25,-0.46667,M,ISLA BALTRA-INOCAR,1988,1993,No
M1123,-79.63189167,-2.345511111,M,HACIENDA TAURA (BANATEL),1996,2020,Yes
M1124,-77.919355,-0.674175,M,SIERRAZUL,1996,2020,Yes
M1125,-78.59305556,-0.458333333,M,AYCHAPICHO-CEEA,,,No
M1126,-78.41194444,-0.388611111,M,INST.AGROPECUARIO SUPERIOR ANDINO-IASA,,,No
M1127,-80.22028,-1.84611,M,SABANILLA-GUAYAS,1967,1970,No
M1128,-79.43166667,-4.414444444,M,EL INGENIO,1995,2016,No
M1129,-80.42651944,-4.155786111,M,MANGAHURCO,2014,2018,No
M1130,-78.75873,-1.866928,M,SHIRY XII,2001,2017,No
M1131,-79.29277778,-2.909722222,M,CANCAN,,,No
M1132,-79.08361111,-3.119444444,M,PORTETE CABECERA DEL TARQUI,,,No
M1133,-78.93722222,-2.633611111,M,LA ESMERALDA (BURGAY CABECERA),,,No
M1134,-78.80444444,-3.164166667,M,MOLON (SANTA BARBARA CABECERA),,,No
M1135,-78.79666667,-2.658055556,M,NUDPUD,,,No
M1136,-79.06583333,-2.875277778,M,MATADERO D.J. SAYAUSI,,,No
M1137,-79.16916667,-2.943333333,M,YANUNCAY EN PUCAN,,,No
M1138,-79.03222222,-3.036388889,M,TARQUI D.J. CUMBE,,,No
M1139,-78.80527778,-2.820555556,M,GUALACEO D.J. PAMAR (PIRUCAY),,,No
M1140,-79.19639,-2.23556,M,COSMOAGRO,1998,2001,No
M1141,0.0,0.0,M,COLAISACA-PREDESUR,,,No
M1142,0.0,0.0,M,ALAMOR-PREDESUR,,,No
M1143,-79.69277778,-3.365833333,M,EL PORVENIR,2012,2019,No
M1144,-80.18333333,-1.2,M,LA SIERRILLA CEDEGE,,,No
M1145,-80.35,-1.266666667,M,JABONCILLO-CEDEGE,,,No
M1146,-80.36194444,-2.185555556,M,JULIO MORENO-CEDEGE,1990,2017,No
M1147,-80.23333333,-1.525,M,LASCANO-CEDEGE,,,No
M1148,-79.49916667,-2.256944444,M,PRIMO BANANO,2006,2015,No
M1149,-79.39694,-0.69083,M,SAN CRISTOBAL-CEDEGE,2004,2015,No
M1150,-80.548045,-2.005565,M,SAN VICENTE DE COLONCHE-CEDEGE,2005,2014,No
M1151,-79.94833,-1.05167,M,SANDRITA (PILARCITA),2004,2008,No
M1152,-80.45333333,-2.198888889,M,SUBE Y BAJA-CEDEGE,1990,2018,No
M1155,-79.135,-1.55111,M,LAS MONJAS (CEDEGE),1987,2012,No
M1156,-78.42718611,-0.177016667,M,NAYON GRANJA SANTA ANA - PUCE,2007,2019,No
M1157,-79.75667,-2.80167,M,NARANJAL-MARFRISCO,2007,2008,No
M1158,-79.52388889,-3.691666667,M,CANELAL,,,No
M1159,-80.41027778,-4.076111111,M,CAÑAVERAL,2011,2018,No
M1160,-79.71555556,-3.746111111,M,CAPIRO,2011,2018,No
M1161,-79.33916667,-3.601388889,M,CELEN,2011,2016,No
M1162,-79.37194,-3.76667,M,GUALEL,2011,2018,No
M1163,-79.74277778,-3.803333333,M,LOS AMARILLOS,2011,2016,No
M1164,-80.27444444,-4.051944444,M,MANGAHURQUILLO,2011,2016,No
M1165,-79.31667,-3.62556,M,MATER,2011,2013,No
M1166,-80.27277778,-4.165555556,M,PALETILLAS,2011,2018,No
M1167,-79.44694444,-3.570555556,M,SABADEL,2011,2018,No
M1169,-79.76,-3.849166667,M,SANTA RUFINA,2011,2015,No
M1170,-80.87507383,-2.233576824,M,SANTA ELENA,2002,2016,Yes
M1171,-77.48361111,-0.745277778,M,HUATICOCHA,2006,2018,No
M1172,-79.16642,-3.41267,M,CARTAGENA-OÑA,2007,2013,No
M1173,-80.21777778,-2.768888889,M,ISLA PUNA-SECTOR BELLAVISTA,2008,2016,No
M1174,-78.67444,0.19583,M,LA PERLA,1999,2000,No
M1175,-78.76806,-0.05306,M,MINDO-HCPP,1998,2003,No
M1176,-78.89639,0.03167,M,SAN MIGUEL DE LOS BANCOS-HCCP,1999,2003,No
M1177,-78.99722222,-0.321111111,M,ALLURIQUIN-HCPP,,,No
M1178,-79.17222,0.01778,M,RIO CAONI,1999,1999,No
M1179,-79.17916667,-0.448888889,M,LA REFORMA,,,No
M1180,-79.18472,0.11389,M,PUERTO QUITO-UTE-HCPP,1999,2001,No
M1181,-79.22278,0.3225,M,BUENOS AIRES-HCPP,1999,2003,No
M1182,-79.44528,-0.07944,M,LAS VILLEGAS,2014,2014,No
M1183,-78.543417,-0.102167,M,RUNDOPAMBA,2000,2017,No
M1184,-78.80125,0.1435,M,LA DELICIA-HCPP,2013,2017,No
M1185,-78.90333333,-0.214444444,M,MAR DE LA TRANQUILIDAD,2013,2018,No
M1186,-78.988694,-0.075058,M,COOP. U. GANADEROS ORENSES,2000,2018,No
M1187,-79.02611111,0.097777778,M,KM 113 - V.F. RIO SILANCHI,,,No
M1188,-79.06527778,-0.203611111,M,EL EDEN GANADERO,,,No
M1189,-79.06944444,0.164444444,M,LA CELICA,,,No
M1190,-79.089583,-0.014531,M,SAN BERNABE,2013,2018,Yes
M1191,-78.973331,0.189306,M,MONTE OLIVO - HCPP,2000,2018,No
M1192,-78.825833,-0.26,M,EL PASO,2013,2017,No
M1193,-78.84833333,-0.281666667,M,EL VOLANTE,,,No
M1194,-79.14194444,-0.3425,M,AQUEPI,,,No
M1195,-79.45,0.314444444,M,LA TERCERA,,,No
M1196,-79.575,-0.018333333,M,GUADALAJARA,,,No
M1197,-79.32888889,-0.639444444,M,TIGRE ALTO,,,No
M1198,-79.28611111,-0.158055556,M,UMPE CHICO,,,No
M1199,-77.75083333,0.6175,M,HUACA HACIENDA-UPEC,2008,2018,No
M1200,-78.45,-0.05,M,POMASQUI,1998,2003,No
M1201,-78.20056,0.44306,M,CHIRIYACU,1998,2003,No
M1202,-79.71861,0.35472,M,BILSA JATUN SACHA,1999,2000,No
M1203,-77.336903,0.040479,M,LUMBAQUI,2003,2018,No
M1204,-80.1,-0.88333,M,QUIROGA,1991,2002,No
M1205,-80.08081667,-0.009755556,M,CUAQUE PEDERNALES,1990,2018,No
M1206,-77.71666667,0.594444444,M,GUANDERAS,,,No
M1207,-80.062791,-1.921539,M,NOBOL,2001,2018,Yes
M1208,-80.38735556,-1.173432825,M,LA TEODOMIRA,2002,2022,Yes
M1209,-78.72225,-2.015083,M,TOTORILLAS,2005,2022,Yes
M1210,-78.70622778,-0.956613889,M,PUJILI,2003,2013,No
M1211,-78.43333333,0.319444444,M,QUININDE INST.SUPERIOR AGROPECUARIO,,,No
M1212,-79.46404722,-3.222763889,M,PUCARA-COLEGIO TEC.AGROP.,2004,2016,No
M1213,-80.05895556,-4.118352778,M,POZUL COLEGIO AGROP.RODRIGUEZ,2004,2019,No
M1214,-79.43311667,-4.140558333,M,NAMBACOLA-COLEGIO AGROP.CUEVA,2004,2018,No
M1215,-79.12222222,-0.531666667,M,LA LIBERTAD-RIO BLANCO,2005,2018,No
M1216,-79.01667,-2.88194,M,EL CEBOLLAR,2004,2012,No
M1217,-80.39746667,-0.659377778,M,BAHIA DE CARAQUEZ-PUCE,2006,2021,Yes
M1218,-76.35729,-0.15792,M,TARAPOA UMDS-C FINCA MUNICIPAL,2009,2010,No
M1219,-77.81906666,-0.916849997,M,TENA HDA. CHAUPISHUNGO,2008,2020,Yes
M1220,-80.00879167,-1.072525,M,ATASCOSO (VIA PICHINCHA),2000,2019,No
M1221,-77.3175,-0.503888889,M,SAN JOSE DE PAYAMINO,2010,2018,No
M1223,-77.98333,-1.06667,M,ALTO TALAG INECEL,1989,1993,No
M1225,-80.18333,-1.2,M,LA SIERRILLA,1989,1995,No
M1230,-80.18348889,-0.822972222,M,ESPAM-MFL- CALCETA,2010,2020,Yes
M1231,-78.65953889,-0.622647222,M,ILLINIZA-BIGROSES,2011,2018,No
M1232,-76.9375,-0.992777778,M,CONONACO,2009,2018,No
M1233,-80.72899722,-1.286875,M,CANTAGALLO-GRANJA UNESUM,2011,2021,Yes
M1234,-80.53972222,-1.3471,M,ANDIL-UNESUM,2011,2013,No
M1235,-77.81583333,-0.988888889,M,JUMANDY,,,No
M1236,-89.61694444,-0.908611111,M,SAN CRISTOBAL - DAC,,,No
M1237,-79.97777778,-3.435277778,M,SANTA ROSA - DAC,,,No
M1238,-78.62042222,-0.999338889,M,UNIVERSIDAD TÉCNICA DE COTOPAXI-UTC-CEYPSA,2012,2022,Yes
M1239,-79.420744,-1.061408,M,UNIVERSIDAD ESTATAL DE QUEVEDO-UTEQ,2008,2015,No
M1240,-78.1322,0.32978,M,IBARRA - 1,2012,2018,Yes
M1241,-80.00888889,-1.0725,M,ATASCOSO,,,No
M1242,-79.795084,-4.043996,M,EL ALMENDRAL - GRANJA ALMENDRAL,2006,2020,No
M1243,-78.598006,-1.133636,M,CUNCHIBAMBA-ITLAM (INST.LUIS A. MARTINEZ),2012,2017,No
M1244,-80.10361111,-3.661944444,M,PALMALES,2011,2016,No
M1245,-80.1425,-1.878888889,M,ISIDRO AYORA - CEDEGE,,,No
M1246,-80.060932,-3.792643,M,LAS LAJAS,2013,2014,Yes
M1247,-79.3417,-3.844333308,M,CHUQUIRIBAMBA,,,No
M1248,-78.480591,0.833356,M,EL CRISTAL,2012,2020,No
M1249,-78.731235,1.306253,M,PALESEMA,2012,2021,Yes
M1250,-78.13083333,0.600833333,M,LA CONCEPCION - GRANJA ALFONSO TADEO UPEC,2012,2018,No
M1251,-80.48698611,-1.643611111,M,BANCHAL,2012,2018,No
M1252,-79.8675,-2.135,M,SAMBORONDON - UESS,2008,2014,No
M1253,-80.02416667,-2.192499991,M,PUERTO HONDO,,,No
M1254,-79.939167,-2.078056,M,INDULAC (No se encuentra en base de datos),,,No
M1255,-79.83,-2.17,M,DURAN,2014,2016,No
M1256,-77.60527778,0.654722222,M,RANCHEROS DEL NORTE-EL CARMELO,2013,2022,Yes
M1257,-79.23333333,-2.184722222,M,HCDA. SAN RAFAEL - BUCAY,2013,2016,No
M1258,-80.3575,-1.211944444,M,CASA - LAGARTO,2013,2014,No
M1259,-79.94498056,-4.369677778,M,MACARA - 1,2013,2015,Yes
M1260,-78.569444,-1.656389,M,QUIMIAG,2013,2019,No
M1261,-78.57555556,-1.540833333,M,ILAPO,2013,2018,No
M1262,-78.93361111,-0.314166667,M,LA PALMA,2013,2018,Yes
M1263,-79.13638889,-4.863333333,M,ZUMBA,2014,2017,No
M1264,-79.13388889,-4.654166667,M,PALANDA,2014,2018,No
M1265,-77.665028,-2.876417,M,SAN JOSE DE MORONA-INAMHI-COL.REAL AUDIENCIA,2014,2016,No
M1266,-79.05845,0.156017,M,SAN MARCOS -LA CELICA,2014,2015,Yes
M1267,-79.02489,0.076677,M,PEDRO VICENTE MALDONADO-INAMHI,2014,2019,No
M1268,-79.411017,-3.482431,M,MANU,2015,2017,No
M1269,-76.87438889,-0.34025,M,SACHA-INIAP,2015,2021,Yes
M1270,-78.163444,0.454667,M,YACHAY-INIAP,2015,2016,No
M1271,-79.91733889,-2.146463881,M,GUAYAQUIL (FACULTAD CCNN),2015,2016,Yes
M1272,-79.969925,-3.254106,M,ECU-911 - MACHALA (No se encuentra en base de datos),,,No
M1273,-78.565717,-0.229912,M,LLOA,,,Yes
M1274,-78.55024444,-0.281922222,M,POLITECNICA SALESIANA-CAMPUS SUR,2017,2019,Yes
M1275,-79.271944,-3.239444,M,SANTA ISABEL - BELLAVISTA (No se encuentra en base de datos),,,No
M1277,-78.179028,0.080389,M,TUPIGACHI (No registrada en base de datos de Jacqueline),,,No
M1278,-78.221444,0.091139,M,SAN JOSE ALTO - MOJANDA (No registrada en base de datos de Jacqueline),,,No
M1376,-78.147,0.019694,M,CAYAMBE - JUAN MONTALVO (No registrada en base de datos de Jacqueline),,,No
M5001,-78.81622222,-3.075138864,M,GUALIL,,,No
M5003,-77.99,-0.076388889,M,LAGUNA DE YANACOCHA,,,No
M5004,-76.9375,-0.992777778,M,CONONACO,,,No
M5005,-77.59591667,-0.667944444,M,SUMACO,,,No
M5006,-78.09083333,-1.211111111,M,OYACACHI,,,No
M5007,-79.31416667,-0.413611111,M,ESPE SANTO DOMINGO,,,No
M5008,-77.86841666,-0.578305548,M,COSANGA,,,No
M5009,-77.90227778,-0.628,M,EL ALISO,,,No
M5010,-77.78302777,-0.732027768,M,NARUPA,,,No
M5011,-77.59583333,-0.667777777,M,PACTO SUMACO,,,No
M5012,-77.90833333,-0.373611111,M,VERDE SUMACO,,,No
M5013,-77.21083333,-0.094444444,M,SUPAYACU,,,No
M5014,-78.1525,-0.230555556,M,SALVE FACCHA,,,No
M5015,-78.28722223,-0.743888881,M,HACIENDA SECAS,,,No
M5016,-78.71055556,-2.646666667,M,VIRGEN DEL CORRAL,,,No
M5017,-78.69416667,-2.973055556,M,MAYLAS,,,No
M5018,-79.95777778,-0.651111111,M,RIO MOSQUITO,,,No
M5019,-79.95055556,-0.651111111,M,LA CARMELITA,,,No
M5021,-78.11065774,-0.18835892,M,YURACFACCHA - OYACACHI,,,No
M5022,-78.14778581,-0.32484526,P,CONTROL BAÑOS,,,No
M5023,-78.14117249,-0.37813756,P,PAPALLACTA,,,No
M5024,-78.19607762,-0.379493,P,EL TAMBO,,,No
M5025,-78.19847911,-0.33373332,M,LA VIRGEN PAPALLACTA,,,No
M5026,-78.44334571,-0.5638238,M,COTOPAXI CONTROL NORTE,,,No
M5027,-78.66113349,-0.57601117,M,LOMAHURCO,,,No
M5028,-78.39071414,-0.48330906,M,HCDA PRADO MIRANDA,,,No
M5029,-78.33336768,-0.50165975,M,EL CARMEN,,,No
M5030,-78.35721535,-0.41833358,P,HCDA GORDILLO,,,No
M5031,-78.2105414,-0.09479311,M,CHUMILLOS,,,No
M5032,-78.15805556,-0.493611111,M,NEVADO ANTIZANA-SAMAE-2,,,No
M5033,-78.16019445,-0.494888883,M,MORRENA 12,,,No
M5034,-78.21383334,-0.512666661,M,HUMBOLDT,,,No
M5035,-78.491667,-0.104444,M,COTOCOLLAO - MUNICIPIO QUITO,,,No
M5036,-78.475,-0.092222,M,CARAPUNGO,,,No
M5037,-78.487222,-0.174444,M,BELISARIO - REMMAQ-SA,,,No
M5038,-78.505833,-0.25,M,EL CAMAL - MUNICIPIO QUITO,,,No
M5039,-78.550833,-0.325,M,GUAMANI,,,No
M5040,-78.4,-0.205833,M,TUMBACO,,,No
M5041,-78.455833,-0.3,M,LOS CHILLOS,,,No
M5042,-78.453056,-0.015,M,SAN ANTONIO - EPMAPS QUITO,,,No
M5043,-78.35333333,-0.075,M,GUAYLLABAMBA -EPMAPS QUITO,,,No
M5044,-78.30406944,-0.160952778,M,YARUQUI -EPMAPS QUITO,,,No
M5045,-78.13903611,-0.377241667,M,PAPALLACTA-EPMAPS,,,No
M5046,-78.22587778,-0.542252778,M,LA MICA,,,No
M5047,-78.14787778,-0.518125,M,ANTISANA SAN SIMON-EPMAPS,,,No
M5048,-78.19721667,-0.600297222,M,ANTISANA RAMON HUANUNA-EPMAPS,,,No
M5049,-78.41194444,-0.388611111,M,IASA - EPMAPS QUITO,,,No
M5050,-78.52111111,-0.33,M,EL TROJE - EPMAPS QUITO,,,No
M5052,-78.35545556,-0.748386111,M,COTOPAXI TAMBO 2A-EPMAPS,,,No
M5053,-78.34833333,-0.671491667,M,COTOPAXI MAUCATAMBO EPMAPS QUITO,,,No
M5054,-78.53333333,-0.134444444,M,RUMIHURCO MACHANGARA -EPMAPS QUITO,,,No
M5055,-78.51666667,-0.175833333,M,RUMIPAMBA BODEGAS - EPMAPS QUITO,,,No
M5056,-78.525,-0.2025,M,TOCTIUCO - EPMAPS QUITO,,,No
M5057,-78.49055556,-0.233055556,M,PUENGASI -EPMAPS QUITO,,,No
M5058,-78.555,-0.366111111,M,IZOBAMBA - EPMAPS QUITO,,,No
M5059,-78.58333333,-0.274722222,M,CHILLOGALLO - EPMAPS QUITO,,,No
M5060,-78.5675,-0.244722222,M,EL CINTO,,,No
M5061,-78.37611111,-0.369722222,M,PINTAG -EPMAPS QUITO,,,No
M5062,-75.59583333,-0.823055556,M,YASUNI ANANGU,,,No
M5063,-75.59508333,-1.543972222,M,YASUNI-CONONACO,,,No
M5074,-78.22068564,-0.16518,M,PUNTAS,,,No
M5075,-78.26388296,-0.29027521,M,ITULCACHI,,,No
M5076,-78.40224661,-0.61684014,P,PNC - POTRERILLOS,,,No
M5077,-78.6893343,-0.62949377,P,REI,,,No
M5078,-78.31709879,-0.24091713,P,PIFO,,,No
M5079,-79.90444444,-2.27,M,INOCAR-INOCAR,,,No
M5080,-79.53611111,-1.767777778,M,BABAHOYO-INOCAR,,,No
M5081,-79.99194444,-1.758611111,M,EL MANGLE-INOCAR,,,No
M5082,-79.65,0.983333333,M,ESMERALDAS-INOCAR,,,No
M5083,-80.72277778,-2.216111111,M,LA LIBERTAD-INOCAR,,,No
M5084,-89.65194444,-0.905555556,M,SAN CRISTOBAL-INOCAR,,,No
M5085,-80.72277778,-0.935,M,MANTA-INOCAR,,,No
M5086,-76.07083333,-0.456111111,M,PANACOCHA-INOCAR,,,No
M5087,-79.61944444,-2.689722222,M,NARANJAL-INOCAR,,,No
M5088,-77.95423,0.10126,M,SAN MARCOS-PICHINCHA,2001,2001,No
M5089,-79.32477778,-2.81177776,M,EL TABLON - LAS CUEVAS,,,No
M5090,-79.502566,-2.528648,M,LA LAMPADA,,,Yes
M5091,-79.30755556,-2.580222208,M,TANZARAY,,,No
M5092,-79.12725,-2.531111095,M,GUALLETURO,,,No
M5093,-78.91738889,-2.480666649,M,CHACAPAMBA,,,No
M5094,-78.78433333,-2.621527759,M,COCHAHUMA,,,No
M5095,-78.97955556,-2.584694424,M,ESCUDILLA,,,No
M5096,-79.40894444,-2.743083319,M,CHIPLA,,,No
M5098,-78.48056389,-0.162269444,M,JIPIJAPA - MUNICIPIO QUITO,,,No
M5099,-78.53075,-0.28175,M,SOLANDA - EPMAPS,,,No
M5100,-78.29122778,-0.111283333,M,EL QUINCHE - EPMAPS,,,No
M5101,-78.43336667,-0.077783333,M,CALDERON - EPMAPS QUITO,,,No
M5102,-78.43108889,-0.212397222,M,CUMBAYA -EPMAPS,,,No
M5103,-79.003108,-2.897464,M,EMOV - EP CUENCA,,,No
M5104,-78.43251944,-0.044130556,M,RADAR- TANQUE DE AGUA SAN JUAN DE CALDERON ALTO,,,No
M5105,-78.47785,-0.235525,M,RADAR - APROXIMACION DE MONJAS,,,No
M5106,-78.52258333,-0.333394444,M,RADAR / PLANTA DE TRATAMIENTO DE AGUA POTABLE EL TROJE,,,No
M5107,-78.7124,-1.488611111,M,URBINA - INER,,,No
M5108,-78.5725,-1.658888889,M,PURUHA - INER,,,No
M5109,-78.78314,-1.63723,M,SAN JUAN,,,No
M5110,-78.997,-2.6096,M,MULTITUD - INER,,,No
M5111,-78.62630556,-1.74775,M,TUNSHI - ESPOCH -INER,,,No
M5112,-78.62642778,-1.747438889,M,CIENCIAS - ESPOCH  -INER,,,No
M5113,-78.5416,-1.86949,M,ALAO,,,No
M5114,-78.76036944,-2.157636111,M,PISHILLI YACUPUNGO - INER,,,No
M5116,-79.16429,-2.21039,M,CUMANDÁ - INER,,,No
M5124,-78.388639,-0.616111,M,CAMPO ALEGRE,,,No
M5125,-78.25941667,-0.503777769,M,GUAMANI-ANTISANA,,,Yes
M5126,-78.23306404,-0.49091836,M,JATUNHUAYCO,,,No
M5127,-78.42944445,-0.600211106,M,CANAL ALUMIES,,,No
M5128,-78.368889,-0.625278,M,MUDADERO,,,No
M5129,-78.36460556,-0.662019441,M,YANGAHUAGRA,,,No
M5130,-78.18561111,-0.310444444,M,GUAMANI-ANTENAS,,,No
M5131,-79.85818889,-2.287008318,M,CAMARONERA-SONGA,,,No
M5132,-79.94045278,-2.089127771,M,COE-MONTE BELLO,,,No
M5133,-79.8334,-2.169499985,M,CUERPO DE BOMBEROS DIVINO NIÑO-DURAN,,,Yes
M5134,-79.95413611,-3.25930276,M,MINISTERIO DE SALUD MACHALA-SNEM,,,Yes
M5135,-80.227516,-3.482122,M,HOSPITAL PUBLICO-HUAQUILLAS,,,Yes
M5136,-79.619175,-3.720098,M,COLEGIO 13 DE MAYO-PORTOVELO,,,No
M5137,-79.62538056,-3.681169422,M,ZARUMA,,,Yes
M5138,-78.696111,-2.402222,M,JUBAL -INER,,,No
M5139,-78.599611,-2.255056,M,OZOGOCHE- INER,,,No
M5140,-78.77002778,-2.287888889,M,ACHUPALLAS - UNACH,,,No
M5141,-79.927864,-0.846833,M,MEMBRILLO - SENAGUA,,,No
M5142,-79.9494,-0.594444,M,SAN FRANCISCO - SENAGUA,,,No
M5143,-80.1536,-0.568006,M,LA BARRANCA - SENAGUA,,,No
M5144,-80.551794,-1.071756,M,EPAM PEAJE CARRETERA - SENAGUA,,,No
M5145,-80.316667,-0.952722,M,DANZARIN BUENOS AIRES - SENAGUA,,,No
M5146,-80.476472,-1.231892,M,LOS ALGODONES,,,No
M5147,-77.861065,-0.950173,M,UNIVERSIDAD REGIONAL AMAZONICA-IKIAM,,,No
M5148,-78.269278,-0.820473,M,CHALUPAS-IKIAM,,,No
M5149,-78.7547,-0.4593,M,CAMPAMENTO DE LA EMPRESA HyH,,,No
M5150,-78.4859,-0.2436,M,PEAJE AUTOPISTA GRAL RUMIÑAHUI,,,No
M5151,-78.78844445,-1.489666658,M,GLACIAR 11 CHIMBORAZO,,,No
M5152,-78.7885,-1.4064,M,GLACIAR SUROESTE CARIHUAIRAZO,,,No
M5153,-80.00583,-2.13041,M,MONTE SINAI,,,No
M5154,-79.8778,-2.1814,M,SEDE SANTA ANA-TANQUE  AAPP-EMAPAG,,,No
M5155,-79.88471,-2.23977,M,LA PRADERA,,,No
M5156,-79.9181,-2.2064,M,LA CHALA EB AASS-EMAPAG,,,No
M5157,-79.9572,-2.2094,M,PANTANOS SECOS.EMAPAG,,,No
M5158,-79.9831,-2.1122,M,SERGIO TORAL-TANQUE AAPP-EMAPAG,,,No
M5159,-79.88167,-2.11694,M,GUAYACANES SAMANES-LAGUNA-EMAPAG,,,No
M5160,-79.89589,-2.08194,M,MUCHO LOTE II-EB AASS-EMAPAG,,,No
M5161,-79.97621,-2.05601,M,MI LOTE-TANQUE AAPP-EMAPAG,,,No
M5162,-79.99787,-2.1855,M,TERRANOSTRA II-PTAR-EMAPAG,,,No
M5163,-79.92285,-2.11617,M,BOMBEO C4-EB AASS-EMAPAG,,,No
M5164,-79.94635,-2.18558,M,JAVIER SALITRAL-EB AASS-EMAPAG,,,No
M5165,-79.8756,-2.2594,M,GUASMO NORTE-KARTODROMO-EMAPAG,,,No
M5166,-79.9253167,-2.2484444,M,ISLA TRINITARIA-CAMI TRINIPUERTO MUNICIPAL-EMAPAG,,,No
M5167,-79.916181,-2.223174,M,CISNE II-CAMI MUNICIPAL-EMAPAG,,,No
M5168,-79.9623972,-2.1211806,M,NUEVA PROSPERINA-RESERVORIO INTERAGUA-EMAPAG,,,No
M5169,-79.968925,-2.083791,M,FLOR DE BASTION BLOQUE 22-ZUMAR-(PARQUE METROPOLITANO)-EMAPAG,,,No
M5170,-79.929825,-2.0900139,M,BASTION POPULAR-ZUMAR-EMAPAG,,,No
M5171,-79.92529,-2.16957,M,EL PARAISO-TANQUE AAPP-EMAPAG,,,No
M5172,-78.51,-0.22,M,EL CENTRO - REMMAQ_SA,,,No
M5178,-78.58760121,-0.19010428,M,TAYANGO GUAGUA PICHINCHA,,,No
M5179,-78.23214718,-0.30670516,M,PALUGUILLO,,,No
M5180,-78.60179106,-0.318184,M,ATACAZO,,,No
M5181,-78.586073,-0.179237,P,YURACYACU GUAGUA PICHINCHA,,,No
M5182,-79.78969444,-2.996194444,M,TENGUEL,,,No
M5183,-79.90766667,-2.739972222,M,PUNA,,,No
M5184,-80.26011111,-2.7135,M,POSORJA,,,No
M5185,-80.3638,-2.4055,M,PROGRESO,,,No
M5186,-78.761056,-1.713361,M,CAJABAMBA,,,No
M5187,-77.472864,-0.137408,M,EMBALSE CENTRAL-Embalse Compensador - CCS,,,No
M5188,-78.024423,-0.416035,M,Cuyuja Toma Papallacta - CCS,,,No
M5189,-77.455732,-0.130938,M,Casa de Máquinas central - CCS,,,No
M5190,-77.683036,-0.198858,M,Captación Central - CCS,,,No
M5192,-78.775114,0.236715,M,EL CHONTAL,,,Yes
M5193,-78.69459,-1.53216,M,CHOCAVI,,,No
M5194,-78.50395,-1.55566,M,MATUS,,,No
M5195,-78.67752,-1.654602,M,RIOBAMBA-POLITECNICA-CIENCIAS,,,No
M5196,-78.97089,-2.12579,M,MULTITUD,,,No
M5197,-78.57183,-1.66015,M,QUIMIAG,,,No
M5198,-78.76034,-2.15753,M,TIXAN,,,No
M5199,-78.62843,-1.75105,M,TUNSHI,,,Yes
M5201,-78.15118264,-0.470192762,M,ANTISANA-ORE,,,Yes
M5259,-78.07787,0.12898,,OLMEDO-GADPP,,,No
Mxxxx,-78.07787,0.12898,M,***Nueva**** Olmedo-GADP Pichincha,,,No
MZZ24,-78.352816,-0.140504,M,TABABELA,,,No
